Location,Production,Startup
Sörenberg,20,19.12.11
Bäriswil,20,05.12.11
Aarburg,20,28.09.12
St-Prex,20,13.12.13
Meinier,20,21.12.11
Kaltbrunn,20,19.01.09
Siblingen,20,01.09.09
Sempach,20,23.07.09
Gasel,20,05.10.11
Semsales,20,01.12.07
Unterentfelden,20,20.02.08
Rüschegg-Ganbach,20,23.12.11
Chêne-Bourg,20,02.12.09
Schwanden,20,11.05.12
Genève,20,30.07.10
Steinen,20,08.08.11
Rupperswil,20,23.08.11
Bettlach,20,29.08.12
Renens,20,31.10.11
Sennwald,20,26.03.15
Rodels,20,12.12.11
Weingarten,20,25.07.08
Holziken,20,09.12.13
Arlesheim,20.1,24.09.12
Aïre,20.1,30.12.10
Ausserberg,20.1,26.07.12
Ittigen,20.1,28.09.12
Wattwil,20.2,21.07.15
Appenzell,20.2,07.10.08
Contra,20.2,28.05.09
Aarau,20.2,14.05.08
Donat,20.2,10.12.10
Castel San Pietro,20.2,07.05.13
Säriswil,20.2,22.10.10
Plan-les-Ouates,20.2,27.04.10
Mettmenstetten,20.2,28.11.13
Bernex,20.2,22.12.10
Gebenstorf,20.2,22.12.10
Lenzerheide,20.2,11.12.13
Blumenstein,20.2,30.12.10
Egerkingen,20.2,28.04.11
Schwendibach,20.2,09.11.11
Giebenach,20.3,21.12.11
Lenggenwil,20.3,14.09.12
Hämikon,20.3,26.03.15
Werthenstein,20.3,27.03.15
Eischoll,20.3,29.09.15
Basadingen,20.3,11.02.08
Buch,20.3,14.03.08
Sörenberg,20.3,16.12.11
Matten,20.3,20.04.11
Kerns,20.3,18.08.12
Grossaffoltern,20.4,30.01.12
Les Bois,20.4,30.06.11
Steinmaur,20.4,27.09.13
Ormalingen,20.4,20.07.11
Schüpfen,20.5,26.07.12
Windisch,20.5,23.12.11
Hörhausen,20.5,11.11.11
Obfelden,20.5,26.09.12
Horw,20.5,19.12.11
Binningen,20.5,29.05.09
Wil,20.5,12.08.09
Ganterschwil,20.5,12.10.10
Gunzgen,20.5,31.10.10
Marbach,20.5,17.08.11
Schneisingen,20.5,10.11.11
Basel,20.5,10.12.09
Grenchen,20.5,22.03.12
Raron,20.5,25.07.11
Uettligen,20.6,05.09.07
Paradiso,20.6,01.06.09
Staffelbach,20.6,25.05.10
Steinmaur,20.6,06.09.12
Oensingen,20.6,12.07.12
Balgach,20.7,24.06.16
Oeschgen,20.7,18.08.11
Künten,20.7,15.07.11
Spiez,20.7,04.09.12
Vuissens,20.7,28.10.09
Duillier,20.7,15.05.09
Oberhasli,20.7,26.05.14
Sonvico,20.7,01.12.09
Werthenstein,20.7,30.11.09
Schönenberg,20.7,26.11.09
Muhen,20.7,17.10.09
Steinmaur,20.7,17.12.13
Detligen,20.7,29.09.15
Burgdorf,20.8,02.12.11
Kaltbrunn,20.8,24.09.09
Lichtensteig,20.8,19.09.16
Corcelles-sur-Chavornay,20.8,23.10.07
Ranflüh,20.8,08.11.10
Gisikon,20.8,06.10.14
La Roche,20.8,14.12.13
Massagno,20.8,22.11.10
Hemberg,20.8,05.08.16
Schangnau,20.8,31.03.15
Li Curt,20.8,27.03.15
Gommiswald,20.8,26.12.11
Fahy,20.8,05.09.13
Corban,20.9,29.09.15
Freidorf,20.9,20.03.15
Erstfeld,20.9,28.09.16
Erstfeld,20.9,28.09.16
Gsteig b. Gstaad,20.9,30.04.09
Valeyres-sous-Ursins,20.9,16.10.08
L'Auberson,20.9,01.10.07
Tann,20.9,06.10.09
Bätterkinden,20.9,25.09.13
Basel,20.9,25.10.10
Cadro,20.9,19.12.13
Tenna,20.9,16.01.15
Ried-Mörel,20.9,28.12.11
Ürikon,20.9,10.03.16
Röthenbach i.E.,21,20.12.11
Alpnach Dorf,21,14.12.09
Guggisberg,21,08.01.08
Egg,21,09.07.13
Degersheim,21,20.05.09
Guemlingen,21,09.05.08
Lohn,21,02.07.09
Detligen,21,07.09.09
Busswil bei Büren,21,26.03.14
Beckenried,21,16.07.12
Ostermundigen,21,22.06.10
Gunzwil,21,13.03.13
Walde,21,26.11.09
Wauwil,21,02.05.12
Confignon,21,05.10.11
Werthenstein,21,15.02.12
Andwil,21,21.10.11
Rafz,21,23.03.15
Wil,21.1,20.11.11
Rebeuvelier,21.1,27.08.12
Grossdietwil,21.1,20.02.15
Ortschwaben,21.1,20.09.17
Frauenfeld,21.1,10.06.08
Meyrin,21.1,16.12.13
Minusio,21.1,30.11.10
Brüttelen,21.1,12.07.12
Hellbühl,21.1,26.11.10
Rosshäusern,21.1,10.11.11
Rothrist,21.2,04.06.09
Gwatt,21.2,26.09.12
Eysins,21.2,09.05.11
Ringoldswil,21.2,25.06.09
Kriessern,21.2,10.10.09
Lauperswil,21.2,25.01.12
Pfäffikon,21.2,19.09.14
Herznach,21.2,16.04.10
Ruswil,21.2,18.08.10
Gonten,21.2,30.11.15
Wasen,21.3,01.12.11
Pignia,21.3,27.09.12
Hellbühl,21.3,01.04.12
Bernex,21.3,22.12.10
Gähwil,21.3,22.07.11
Bubendorf,21.3,29.03.11
Ennetbürgen,21.3,28.12.12
Kottwil,21.3,23.03.17
Muri,21.3,01.09.12
Wohlen,21.3,18.11.13
Frutigen,21.4,05.07.12
Niederrohrdorf,21.4,20.03.12
Rieden,21.4,25.11.11
Oensingen,21.4,28.12.11
Aadorf,21.4,29.04.08
Hohentannen,21.4,30.07.08
Lanzenneunforn,21.4,24.04.09
Egg SZ,21.4,16.12.11
Altstätten,21.5,25.09.09
Oberhofen,21.5,30.05.10
Egnach,21.5,25.07.14
Menznau,21.5,04.04.11
Müntschemier,21.6,16.09.10
Affoltern,21.6,27.06.12
Heldswil,21.6,15.10.09
Hosenruck,21.6,10.11.08
Altnau,21.6,01.06.08
Bätterkinden,21.6,17.09.09
Les Brenets,21.6,28.10.11
Cureglia,21.6,16.03.09
Meyrin,21.6,16.12.13
Obernau,21.6,25.06.10
Hombrechtikon,21.6,01.12.11
Châbles,21.6,19.08.06
Hallau,21.6,14.12.10
Speicherschwendi,21.6,30.09.10
Uetikon am See,21.6,20.12.11
Neu St. Johann,21.6,22.05.15
Steinmaur,21.6,30.07.12
Wangen,21.6,15.11.11
Mariastein,21.6,30.11.11
Schmidigen-Mühleweg,21.6,16.09.15
Oberentfelden,21.7,03.05.12
La-Chaux-De-Fonds,21.7,26.03.14
Chénens,21.7,19.12.11
Arzier,21.7,26.07.10
Kappel,21.7,30.04.12
Zermatt,21.8,11.02.15
Scuol,21.8,31.08.13
Küsnacht,21.8,04.11.10
Sarnen,21.8,02.05.12
Utzenstorf,21.8,24.12.08
Barzheim,21.8,28.04.08
Ebnat-Kappel,21.8,13.05.11
Niederrohrdorf,21.8,20.12.13
Saas i. P.,21.8,20.10.16
La Chaux-de-Fonds,21.8,30.03.16
St. Stephan,21.8,24.03.15
Gossau,21.8,21.06.16
Obbürgen NW,21.8,18.09.15
Langenthal,21.8,28.02.12
Vallamand,21.9,28.09.12
Rumisberg,21.9,07.12.11
Hüttwilen,21.9,24.09.07
Mézières VD,21.9,07.12.11
Frümsen,21.9,07.09.12
Canobbio,21.9,28.09.12
Sutz,21.9,17.06.11
Grüningen,21.9,24.11.11
Hedingen,21.9,21.10.11
Glarus,22,30.07.09
Bettwil,22,23.03.10
Mitlödi,22,15.11.12
Horgen,22,28.09.10
Walenstadt,22,21.03.11
Menzberg,22,06.09.12
Seewen,22,26.05.11
Vaz/Obervaz,22,20.05.16
Frümsen,22,26.01.16
Hinterfultigen,22,28.11.11
Pfeffingen,22.1,18.11.11
Menznau,22.1,28.09.12
Arlesheim,22.1,28.02.12
Riken,22.1,15.11.13
Cully,22.1,22.12.11
Thayngen,22.1,27.09.12
Nennigkofen,22.1,23.06.09
Frauenfeld,22.1,16.12.09
Oberneunforn,22.1,13.03.08
Maur,22.1,16.11.10
Gruesch,22.1,08.08.08
Willisau,22.1,31.03.08
Aegerten,22.1,27.09.12
Einsiedeln,22.1,27.10.08
Kirchlindach,22.1,01.11.11
Basel,22.1,18.12.09
Bichwil,22.1,15.10.10
Ettiswil,22.1,20.06.11
Cossonay-Ville,22.2,25.06.10
Bannwil,22.2,29.10.10
Gunzgen,22.2,20.12.11
Rafz,22.2,11.07.14
Vordemwald,22.3,26.11.09
Trub,22.3,27.11.13
Winistorf,22.3,05.04.11
Mellingen,22.3,08.01.10
Steinmaur,22.4,18.07.12
Yverdon Le Bains,22.4,24.03.14
Thun,22.4,28.06.16
Uettligen,22.4,10.12.10
Basel,22.4,11.01.11
Schafhausen,22.4,08.06.12
Bitsch,22.4,30.12.11
Eggersriet,22.5,19.11.06
Hugelshofen,22.5,25.05.11
St.Moritz,22.5,18.04.08
Lenk im Simmental,22.5,01.11.10
Cham,22.5,06.07.12
Hettlingen,22.5,28.09.12
Meikirch,22.5,20.08.12
Oberwil im Simmental,22.5,11.11.11
Ftan,22.6,24.09.12
Waltenschwil,22.6,22.04.08
Lenzburg,22.6,15.07.09
Gräslikon,22.6,26.11.08
Hinterkappelen,22.6,19.07.12
Raron,22.6,07.08.15
Wangen an der Aare,22.7,24.06.09
Hofstetten b. Brienz,22.7,13.10.11
Pfäffikon,22.7,22.11.11
Triengen,22.7,23.12.11
Hemberg,22.8,08.12.11
Ennetmoos,22.8,29.03.10
Scharnachtal,22.8,19.09.08
Neu St. Johann,22.8,11.10.11
Rüdtligen,22.8,14.06.11
Langenthal,22.9,20.05.08
Erstfeld,22.9,28.09.16
Sonvilier,22.9,06.12.07
Uettligen,22.9,04.11.10
Lütisburg / Unterrindal,22.9,28.02.12
Ebnat-Kappel,22.9,20.08.14
Wolfenschiessen,22.9,27.06.14
Alten,23,24.09.12
Uettligen,23,27.12.11
Neukirch,23,30.09.11
Nidfurn,23,06.12.11
Morbio Inferiore,23,01.12.08
Scherz,23,23.04.10
Zürich,23,03.04.12
Villars-sur-Fontenais,23,26.10.10
Plan-les-Ouates,23,24.03.11
Uetikon am See,23,20.12.11
Fislisbach,23,10.11.11
Ittigen,23,18.08.11
Rosshäusern,23,24.11.11
Steinmaur,23,13.09.12
Furna,23.1,09.03.15
Egg,23.1,11.05.12
Pailly,23.1,05.03.15
Kesswil,23.1,25.07.11
Bottmingen,23.2,19.03.09
Teufen,23.2,29.09.12
Siviriez,23.3,20.12.11
Gasel,23.3,21.09.07
Thayngen,23.3,21.12.11
Rapperswil,23.4,18.03.15
Trimbach,23.4,08.08.12
Muhen,23.4,20.09.12
Nyon,23.4,13.10.10
Schocherswil,23.4,05.01.15
Müntschemier,23.4,16.12.11
Rüschegg Heubach,23.4,12.12.14
Trüllikon,23.4,30.09.11
Einsiedeln,23.4,28.09.16
St. Gallen,23.4,16.05.12
Oberdorf,23.5,18.02.11
Basel,23.5,28.07.11
Gsteig,23.5,15.11.16
Giswil,23.5,06.02.13
Wettingen,23.5,08.12.08
Wiesenberg,23.5,19.11.08
Münsingen,23.5,13.10.08
Glovelier,23.5,05.07.12
Rona,23.5,18.09.12
Ebikon,23.5,20.12.10
Tenna,23.5,06.12.11
Zell,23.5,23.10.11
Schüpfheim,23.6,18.11.11
Kümmertshausen,23.6,11.06.08
Collombey,23.6,09.05.11
Mühledorf,23.6,19.11.09
Willisau,23.6,14.12.11
Lützelflüh,23.7,25.03.15
Staufen,23.7,11.09.09
St-Imier,23.7,15.05.11
Yverdon,23.8,09.12.13
Gruenenmatt,23.8,29.02.12
Unterwasser,23.8,29.09.15
Hildisrieden,23.9,05.05.10
Kaltbrunn,23.9,28.11.13
Davos,23.9,23.08.10
Gunzwil,23.9,12.10.11
Lenzerheide,23.9,30.09.15
Törbel,23.9,11.11.13
Wuppenau,23.9,29.01.16
Höchstetten,24,01.12.11
Glashütten,24,06.06.12
Rüti bei Büren,24,10.06.14
Zweisimmen,24,11.11.11
Lyssach,24,12.08.14
Neuchâtel,24,27.08.10
Lenzerheide,24,28.10.14
Zetzwil,24,30.03.16
Buttisholz,24,26.09.12
Willadingen,24,16.09.11
Goldiwil,24,18.06.12
Beinwil,24,28.11.11
Le Mont,24,07.10.11
St. Peter,24.1,29.08.17
Präz,24.1,25.11.11
Utzigen,24.1,18.12.11
Ruswil,24.1,20.04.12
Bargen,24.2,19.08.10
Blumenstein,24.2,22.07.11
Hinwil,24.2,01.02.08
Gsteig,24.3,29.09.15
Bonaduz,24.3,08.02.10
Nassen,24.3,05.08.11
Saignelégier,24.3,21.06.13
Montfaucon,24.3,29.05.09
Faoug,24.3,21.12.12
Menzingen,24.3,26.03.15
Langnau,24.3,18.02.11
Ammerzwil,24.3,30.09.16
Belp,24.3,15.03.13
Otelfingen,24.4,31.07.15
Bichwil,24.4,11.07.12
Ueberstorf,24.4,12.12.11
Marbach,24.4,26.09.12
Steffisburg,24.5,06.06.16
Gonten,24.5,01.05.09
Degen,24.5,09.08.07
Cressier,24.5,02.12.13
Cressier,24.5,30.12.13
Flühli,24.6,10.06.15
Aigle,24.6,27.11.09
Jonschwil,24.6,10.08.09
Rubigen,24.6,21.02.12
Weinfelden,24.6,16.12.11
Wila,24.6,21.07.14
Villarlod,24.7,16.12.11
Niederbüren,24.7,12.07.11
Ehrendingen,24.7,12.10.11
Lützelflüh-Goldbach,24.7,08.12.11
Klosters,24.7,21.11.14
Azmoos,24.7,15.05.12
Interlaken,24.7,21.12.11
Aesch,24.8,12.12.14
Au,24.8,20.03.15
Dürrenroth,24.8,31.07.12
Donzhausen,24.8,25.08.15
Heitenried,24.8,17.12.12
Chiasso,24.8,09.11.10
Euthal,24.8,26.06.09
Wilchingen,24.8,16.12.13
Altendorf,24.8,25.11.10
Ebnat-Kappel,24.8,06.03.15
Saillon,24.8,15.12.11
Niederönz,24.8,01.09.11
Gümmenen,24.9,31.10.08
Finsterwald,24.9,20.04.11
Schlossrued,24.9,29.11.11
Kriessern,24.9,13.11.12
Brugg,25,24.06.15
Ennetbürgen,25,21.12.11
Münchenstein,25,21.12.10
Wald,25,28.09.12
Hergiswil b. Willisau,25,26.07.12
Häggenschwil,25,23.12.09
Aeschlen,25,11.02.09
Mönchaltorf,25,04.07.12
Tentlingen,25,21.12.11
Arlesheim,25,26.01.09
Allschwil,25,01.02.12
Gossau,25,26.08.11
Frauenfeld,25,20.10.08
Reichenbach,25.1,01.12.11
Rüttenen,25.1,28.02.12
Steinach,25.1,27.02.12
Euthal,25.2,17.06.13
Le Cerneux-Veusil,25.2,25.06.08
Ganterschwil,25.2,24.04.09
Tenna,25.2,19.12.12
Döttingen,25.2,26.09.06
Delémont,25.2,10.06.10
Eichberg,25.2,22.05.14
Oschwand,25.2,29.05.13
Murten,25.2,30.09.10
Hellsau,25.2,10.04.12
Altstätten,25.3,15.06.09
Grandvaux,25.3,12.05.10
Bottenwil,25.3,08.05.10
Plan-les-Ouates,25.3,23.03.11
Plan-les-Ouates,25.3,24.03.11
Luzern,25.4,22.03.16
Bern,25.4,25.09.12
Samnaun-Compatsch,25.4,31.05.13
Genf,25.5,29.06.15
Thunstetten,25.5,25.09.15
Gais,25.5,22.09.15
Hessigkofen,25.5,01.12.08
Oberthal,25.5,20.09.12
Neuenegg,25.5,28.09.12
Zizers,25.5,28.02.12
Thierrens,25.5,26.09.12
Madiswil,25.5,27.04.12
Oberwil bei Zug,25.5,29.11.13
Niederurnen,25.6,30.09.10
Engelburg,25.6,03.04.12
Herznach,25.6,14.02.11
Appenzell,25.6,10.10.11
Rheinklingen,25.6,21.09.17
Oberbütschel,25.7,22.11.11
Rüeggisberg,25.7,24.12.11
Biezwil,25.7,12.12.09
Les Brenets,25.7,28.10.11
Bergdietikon,25.7,13.12.12
Donat,25.7,25.03.15
Thörishaus,25.7,23.02.12
Säriswil,25.7,19.12.14
Ernetschwil,25.8,21.08.09
Basel,25.8,26.07.11
Avers-Puent,25.8,26.07.16
Engishofen,25.8,25.06.08
Lützelflüh,25.8,06.12.13
Zimmerwald,25.8,13.09.12
Knutwil,25.8,13.12.11
Schänis,25.8,01.01.15
Willadingen,25.9,31.12.12
Altikon,25.9,26.10.11
Schlatt,25.9,06.04.11
Unterägeri,25.9,01.07.08
Nebikon,25.9,18.06.14
Sternenberg,25.9,20.07.09
Kreuzlingen,25.9,14.03.08
Bözberg,25.9,13.12.13
Mühlrüti,25.9,22.08.12
Steffisburg,26,21.06.10
Guntalingen,26,15.11.12
Hellbühl,26,03.08.12
Schleitheim,26,26.09.13
Alpnachstad,26,18.12.13
Schuders,26,01.10.10
Altbüron,26,04.11.13
Furna,26,25.08.11
Les Vieux-Prés,26.1,28.05.10
Bern,26.1,23.09.16
Braunau,26.1,17.03.15
Abtwil,26.2,26.03.15
Bottenwil,26.2,07.10.11
Aesch,26.3,23.12.11
Oberdiessbach,26.3,25.09.12
Aeschi,26.3,18.10.11
Opfershofen,26.3,02.04.09
Ardez,26.3,15.12.10
La Chaux-de-Fonds,26.3,27.05.09
Crissier,26.4,24.03.14
Münchenstein,26.4,26.07.07
Kueblis,26.4,31.10.08
Dänikon,26.4,09.06.10
Winterthur,26.4,16.07.09
Innerberg,26.4,08.11.11
Lourtier,26.4,10.05.11
Müntschemier,26.4,19.05.11
Freidorf,26.4,23.03.15
Deitingen,26.4,21.12.11
Schüpfheim bei Windlach,26.5,23.01.15
Gurzelen,26.5,22.06.17
Chalais,26.5,26.09.12
Trey,26.5,10.02.09
Wölflinswil,26.5,09.01.09
Veltheim,26.5,16.12.11
Vuissens,26.5,29.08.12
Steffisburg,26.5,17.04.14
Kloten,26.5,13.12.13
Schangnau,26.5,19.06.14
Schangnau,26.5,21.03.16
Brig,26.5,22.09.16
Eichberg,26.5,22.05.14
Thierachern,26.6,23.09.12
Appenzell,26.6,30.08.12
Fontenais,26.6,28.11.11
Siselen,26.6,13.11.07
Küblis,26.6,20.12.11
Kernenried,26.6,14.10.11
Winterthur,26.6,22.09.11
Hinterforst,26.7,04.10.07
Gunzwil,26.7,07.12.11
Selzach,26.7,30.12.12
Hombrechtikon,26.7,26.03.15
Hergiswil b. Willisau,26.8,19.09.11
Seedorf,26.8,09.12.11
Plan-les-Ouates,26.9,19.06.09
Le Lignon,26.9,10.05.10
Gelfingen,26.9,22.01.15
Rothenburg,26.9,11.02.16
Lechelles,26.9,30.05.08
Zimmerwald,26.9,28.01.08
Sulz,26.9,01.03.08
Gohl (BE),26.9,01.12.11
Wattenwil,26.9,28.03.12
Kreuzlingen,26.9,28.09.15
Gutenburg,27,28.09.12
Grasswil,27,15.05.09
Gerlafingen,27,29.09.12
Gümmenen,27,19.07.13
Zürich,27,05.12.11
Münsingen,27,16.12.11
Wölflinswil,27,27.01.12
Murzelen,27,30.07.12
Burgdorf,27,29.11.11
Wil,27,23.12.11
Spiegel b.Bern,27,21.12.11
Sarnen,27,13.04.11
Gonten,27.1,08.09.16
Oberdiessbach,27.1,25.09.12
Cudrefin,27.1,01.04.09
Gams,27.1,23.12.09
Waldkirch,27.1,20.12.11
Mellikon,27.2,12.11.10
Naters,27.3,20.12.12
Provence,27.3,30.03.09
Sigigen,27.3,31.05.10
Luzein,27.3,25.03.15
Röthenbach,27.3,27.03.15
Muttenz,27.4,21.11.11
Spiez,27.4,06.08.13
Schmidrüti,27.4,10.12.11
Ilanz,27.4,05.02.15
Kilchberg,27.4,08.11.11
Tenna,27.5,19.12.11
Ayent,27.5,01.10.12
Eschenbach,27.5,29.09.09
Vattiz,27.5,25.03.15
Läufelfingen,27.5,09.12.14
Wittnau,27.5,29.08.12
Wollerau,27.5,06.11.12
Mörschwil,27.6,02.05.14
Etoy,27.6,18.08.09
Waldkirch,27.6,20.06.12
Elsau,27.6,26.04.11
Freidorf,27.7,22.05.15
Gland,27.7,22.12.11
Recherswil,27.7,06.12.11
Unterstammheim,27.7,12.11.10
Arnegg,27.7,28.06.11
Niederbüren,27.7,12.07.11
Mühlrüti,27.7,30.04.12
Davos Clavadel,27.7,21.12.12
Küttigen,27.7,15.12.09
Thalheim,27.7,21.12.11
Seewis Dorf,27.8,11.08.08
Sissach,27.8,18.08.14
Kappel am Albis,27.8,06.07.12
Oberhof,27.8,23.03.15
Dornach,27.8,28.02.12
St. Gallen,27.8,15.02.12
Oberdiessbach,27.9,18.01.12
Heitenried,27.9,23.12.08
Trübbach,27.9,06.10.08
Leuk-Stadt,27.9,29.11.11
Horw,27.9,25.11.11
Gränichen,28,13.09.11
Goldau,28,09.12.09
Eschenbach,28,25.11.09
Saint-Livres,28,28.09.12
Illighausen,28,02.01.15
Buttenried,28,14.11.11
Zweisimmen,28,15.12.11
Grosswangen,28,27.09.12
Aesch LU,28,10.07.15
Heiden,28.1,14.06.13
Meyrin,28.1,16.12.13
Grub,28.1,21.10.14
Sargans,28.1,26.06.15
Enggistein,28.1,29.09.15
Menzberg,28.1,01.06.15
Birwinken,28.1,18.07.12
Berg,28.1,14.03.08
Staad,28.1,05.12.13
Murzelen,28.1,13.12.13
Rüti,28.1,27.09.12
Schwanden,28.1,23.12.11
Krattigen,28.1,02.11.11
Schönengrund,28.1,29.02.12
Möriken,28.2,23.12.13
Reckingen,28.2,27.02.12
Les Mosses,28.2,02.11.09
Grandson,28.2,29.11.11
Uettligen,28.2,01.06.09
Chur,28.2,21.10.11
Volketswil,28.2,11.10.11
Schöftland,28.2,08.07.11
Bettlach,28.2,29.07.11
Sirnach,28.2,30.11.11
Marthalen,28.2,08.12.11
Hundwil,28.2,07.11.13
Dussnang,28.3,30.09.15
Meilen,28.3,18.12.12
Kriessern,28.3,06.10.09
Mühlrüti,28.3,29.09.12
Röthenbach i. E.,28.3,13.07.12
Dielsdorf,28.3,14.10.13
Thörigen,28.4,01.11.14
Erstfeld,28.4,18.12.09
Giubiasco,28.4,18.12.13
Calfreisen,28.4,04.07.12
Recherswil,28.4,06.10.11
Lützelflüh-Goldbach,28.4,21.12.11
Hoffeld,28.4,17.10.14
Flumserberg Bergheim,28.4,24.03.15
Engelberg,28.5,20.06.12
Opfershofen,28.6,25.03.15
Bischofszell,28.6,12.03.15
Gossau,28.6,07.09.11
St. Gallen,28.6,13.11.14
St. Gallen,28.6,13.11.14
Dussnang,28.6,08.01.09
Buch bei Frauenfeld,28.6,17.12.13
Stierva,28.6,27.03.14
Malters,28.6,26.09.16
Hölstein,28.6,28.04.14
Menznau,28.6,27.03.15
Ittigen,28.6,09.09.13
Neuenegg,28.7,15.05.08
Münsingen,28.7,24.08.11
Bern,28.7,27.02.12
Kriens,28.7,17.12.10
Châtelaine,28.7,25.11.11
Lyssach,28.7,09.12.11
Bonstetten,28.7,07.12.13
Lutzenberg,28.7,25.09.07
Cudrefin,28.7,19.07.11
Buchen,28.8,20.12.10
Homburg,28.8,29.05.13
Engwang,28.8,06.08.09
Pfäffikon,28.8,23.04.13
Turtmann,28.8,20.03.12
Yverdon les Bains,28.8,20.12.13
Corbeyrier,28.8,28.12.11
Lignières,28.8,06.12.11
Ortschwaben,28.8,08.12.12
Au-Wädenswil,28.8,23.10.13
Lupsingen,28.8,22.02.11
Wynigen,28.8,20.06.14
Jonschwil,28.8,30.09.11
Horw,28.8,13.12.11
Brugg,28.8,22.12.11
Erschwil,28.8,23.12.11
Reichenbach im Kandertal,28.8,15.12.11
Rosshäusern,28.8,07.12.12
Aigle,28.8,24.03.14
Stäfa,28.9,21.04.11
Flühli,28.9,14.12.11
Waltensburg,28.9,31.03.15
Niedergesteln,28.9,01.01.09
Uettligen,28.9,03.10.13
Mümliswil,28.9,13.08.14
Graltshausen,28.9,09.09.14
Berneck,28.9,24.02.17
Gümmenen,29,24.07.09
Lyssach,29,19.11.08
Donat,29,16.02.09
Winterthur,29,26.10.10
Lohn-Ammannsegg,29,28.07.10
Urnäsch,29,01.08.10
Chevroux,29,19.12.11
Härkingen,29,08.12.10
Walliswil,29,26.11.10
Ebnat-Kappel,29,05.07.13
Gysenstein,29,24.02.12
La Comballaz,29,01.12.11
Binningen,29,15.12.11
Altstätten,29,28.11.13
Teufen,29,15.12.11
Küttigen,29,25.01.12
Oberegg,29,23.12.11
Ennetbürgen,29,05.12.11
Schenkon,29.1,28.03.17
Oberegg,29.1,20.05.14
Niederbuchsiten,29.1,13.08.12
Zollikon,29.1,01.10.08
Pfaffnau,29.1,01.07.12
Lausanne,29.1,20.12.12
Malters,29.1,07.01.15
Gross,29.1,01.04.10
Oberbüren,29.1,30.09.15
Birri,29.1,23.06.15
Neftenbach,29.1,23.02.15
Sent,29.2,14.11.11
Meikirch,29.2,23.06.16
Schüpfheim,29.2,25.08.15
Wislikofen,29.2,26.10.10
Mauensee,29.2,09.09.16
Renens,29.3,17.12.13
Bürglen,29.3,09.11.11
Arlesheim,29.3,28.02.12
Egg b. Einsiedeln,29.3,16.06.08
Grône,29.3,12.01.10
Jenins,29.3,16.08.10
Ostermundigen,29.3,08.11.11
Zweisimmen,29.3,20.09.11
Wölflinswil,29.3,23.10.09
Gorduno,29.3,21.07.11
Urnäsch,29.3,12.10.11
Inkwil,29.3,06.04.11
Disentis,29.3,15.11.11
Kappel,29.3,20.09.13
Les Vieux-Prés,29.3,10.08.12
Obfelden,29.3,24.03.15
Stansstad,29.3,08.05.12
Näfels,29.4,27.12.11
Malix,29.4,18.11.11
Full-Reuenthal,29.4,29.06.12
Aigle,29.4,02.09.09
Hugelshofen,29.4,25.05.11
Lüchingen,29.4,18.04.08
Wald,29.4,25.09.12
Wettingen,29.4,16.11.12
Glattfelden,29.4,20.09.10
Guntalingen,29.4,10.11.10
Tenna,29.4,16.01.15
Grindelwald,29.4,11.09.09
Rickenbach,29.4,20.03.15
Bellach,29.4,20.09.12
Matzingen,29.4,11.03.15
Hägendorf,29.4,29.02.12
Rebstein,29.4,18.02.12
Oberriet,29.4,30.03.15
Staufen,29.4,18.09.12
Ossingen,29.5,08.11.11
Goldiwil,29.5,09.01.09
Schmitten,29.5,31.07.12
Les Charbonnières,29.5,10.07.12
Realp,29.5,29.06.17
Scuol,29.5,10.07.14
Horgenberg,29.5,25.02.15
Erlinsbach,29.5,16.12.16
Krauchthal,29.5,22.12.11
Untervaz,29.5,29.09.15
Bonau,29.5,26.08.15
Uetendorf,29.5,28.12.11
Trun,29.6,29.01.16
Wünnewil,29.6,29.11.11
Längenbühl,29.6,31.10.11
Unterhörstetten,29.6,23.12.11
Maseltrangen,29.6,10.04.12
Kleinandelfingen,29.6,18.11.11
Luzein,29.6,21.11.11
Dietfurt,29.6,21.01.09
Klosters,29.6,21.12.10
Huttwil,29.6,11.11.11
Reichenbach,29.6,11.12.09
Berg,29.6,11.12.13
Gland,29.6,22.11.13
Oberkulm,29.6,13.12.13
Rivera,29.6,27.12.11
Rivera,29.6,27.12.11
Rifferswil,29.6,14.08.14
Schüpfheim,29.6,13.12.11
Müllheim,29.6,28.03.13
Brünisried,29.6,20.02.15
Wyssachen,29.6,22.12.11
Attiswil,29.6,07.05.12
Le Mont-sur-Lausanne,29.6,21.12.11
Muttenz,29.6,23.12.11
Grasswil,29.6,02.12.11
Embrach,29.6,18.10.11
Sax,29.6,15.02.16
Amden,29.6,12.03.15
Grabs,29.6,26.06.15
Kriessern,29.6,25.03.15
Waldkirch,29.6,26.03.15
Wolfwil,29.6,10.03.15
Bioggio,29.6,28.07.15
Weinfelden,29.6,31.01.12
Wettingen,29.6,24.08.15
Wettingen,29.6,24.08.15
Homburg,29.6,31.03.15
Gossau,29.6,16.12.11
Grabs,29.6,09.12.11
Oberriet,29.7,19.09.12
Flums,29.7,13.03.15
Auw,29.7,16.08.17
Wohlen bei Bern,29.7,09.12.11
Küssnacht am Rigi,29.7,28.03.17
Neuenkirch,29.7,22.09.16
Wilen,29.7,29.09.16
Zuzwil,29.7,31.03.17
Dussnang,29.7,16.07.11
Oberstammheim,29.7,12.05.10
Köniz,29.7,20.11.14
Basel,29.7,20.11.14
Villarlod,29.7,14.07.09
Ruswil,29.7,18.06.10
Hinterrhein,29.7,09.07.10
Mosen,29.7,28.03.15
Fischbach-Göslikon,29.7,24.11.10
Unterägeri,29.7,07.09.11
Vicques,29.7,22.03.16
Egnach,29.7,26.08.14
Wettswil,29.7,23.12.11
Tenero,29.7,02.03.16
Mühlethurnen,29.7,22.03.16
Kägiswil,29.7,24.03.16
Brigels,29.7,25.06.15
Brislach,29.7,15.12.11
Oeschenbach,29.7,17.03.16
Hinwil,29.7,03.03.17
Beromünster,29.7,22.12.11
Mühlrüti,29.8,26.03.15
Dreien,29.8,24.12.14
Kirchberg,29.8,16.03.15
Eschlikon,29.8,20.03.15
Meyrin,29.8,25.03.14
Häfelfingen,29.8,31.05.12
Henggart,29.8,29.10.11
Beatenberg,29.8,27.11.12
Esslingen,29.8,23.11.12
Orbe,29.8,15.12.11
Hefenhofen,29.8,02.04.09
Genolier,29.8,18.11.09
Wattwil,29.8,05.03.09
Bischofszell,29.8,24.09.11
Holziken,29.8,14.12.10
Dierikon,29.8,16.04.09
Kaufdorf,29.8,30.06.11
Wichtrach,29.8,31.08.12
Grüsch,29.8,20.12.10
S-chanf,29.8,24.11.11
Schiers,29.8,03.12.10
Sent,29.8,23.09.14
Laufenburg,29.8,01.07.11
Buochs,29.8,30.05.08
Chandolin-près-Saviese,29.8,22.09.15
Ebnat-Kappel,29.8,31.03.15
Kaisten,29.8,25.03.15
Untersiggenthal,29.8,24.09.12
Balgach,29.8,09.06.15
Renan,29.8,18.03.15
Dürnten,29.9,24.11.09
Wil,29.9,17.12.10
Gunten,29.9,24.09.08
Benken,29.9,14.02.12
Bertschikon,29.9,06.09.11
Moudon,29.9,15.09.13
Niederglatt,29.9,26.10.11
Oberegg,29.9,20.12.11
Cumpadials,29.9,30.04.11
Genève,29.9,24.04.10
Fahrni,29.9,11.12.09
Melchnau,29.9,01.12.09
Rünenberg,29.9,25.08.10
Muhen,29.9,11.05.10
Schöftland,29.9,11.11.11
Eriswil,29.9,24.12.10
Schiers,29.9,20.12.10
Helsighausen,29.9,24.02.12
Alterswilen,29.9,21.10.11
Besenbüren,29.9,19.08.15
Baldingen,29.9,30.07.16
Thierachern,29.9,27.09.12
Thierachern,29.9,19.03.13
Teufen,29.9,30.08.11
Ascharina,29.9,28.09.15
Praden,29.9,18.09.15
Meggen,29.9,26.02.15
Löhningen,29.9,17.03.14
Tuggen,29.9,28.09.17
Rotkreuz,29.9,24.03.15
Visp,30,01.10.16
Wiler,30,23.02.12
Riniken,30,21.09.11
Zweisimmen,30,19.12.11
Valchava,30,30.12.13
Kirchberg,30,27.09.16
Bavois,30,21.11.12
Weinfelden,30,22.11.11
Bernhardzell,30,23.06.11
Oberwil b. Bueren,30,31.12.10
Vordemwald,30,21.06.12
Saanen,30,10.08.12
Glovelier,30,16.12.08
Bischofszell,30,11.07.12
Dallenwil,30,06.07.12
Lömmenschwil,30,23.06.11
Echandens,30,01.04.10
La Chaux-de-Fonds,30,21.12.09
Ramsen,30,22.11.13
Subingen,30,02.12.10
Wisen,30,15.11.13
Baar,30,02.07.12
Neuendorf,30,20.07.11
Bärau,30,14.02.12
Le Lignon,30,31.05.11
Aetigkofen,30,02.11.11
Hellsau,30,19.04.12
Oberriet,30,30.09.15
Trasadingen,30,20.12.11
Kriessern,30,28.09.15
Rorschacherberg,30,03.11.11
Heldswil,30.1,28.04.09
Benken,30.1,19.09.12
Genève,30.1,06.07.11
Frauenfeld,30.1,09.05.12
Avry-devant-Pont,30.1,23.12.11
Märstetten,30.2,24.03.16
Neuenkirch,30.2,30.03.15
Stehrenberg,30.2,01.10.11
Luzern,30.2,13.09.07
Schwarzenbach,30.2,31.07.13
Zürich,30.2,05.12.11
Pusserein,30.2,08.08.11
Seeberg,30.2,01.10.14
Anwil,30.2,30.03.15
Pieterlen,30.2,18.08.10
Madiswil,30.2,02.12.11
Thörigen,30.3,24.09.14
Schüpfen,30.3,05.12.11
Küssnacht am Rigi,30.3,21.05.12
Herisau,30.3,12.12.13
Dettighofen (Lengwil),30.4,27.12.11
Frutigen,30.4,13.09.11
Hellbühl,30.4,29.07.16
Ellighausen,30.4,26.04.08
Wiliberg,30.4,26.09.12
Corgémont,30.4,01.11.12
Rüti,30.4,15.09.10
Krummenau,30.4,09.12.13
Unterseen,30.4,25.10.11
Amden,30.5,21.01.15
Appenzell,30.5,20.10.08
Surcuolm,30.5,20.12.13
Mosnang,30.5,22.09.15
Wölflinswil,30.6,27.02.12
Graben,30.6,30.08.11
Chavannes-Sous-Orsonnens,30.6,14.11.11
Säriswil,30.6,07.04.10
Kirchlindach,30.6,11.07.12
Langnau,30.6,21.12.11
Ufhusen,30.6,01.09.15
Gasel,30.6,03.12.13
Schaffhausen,30.7,16.12.13
Dottikon,30.7,28.11.11
Ettingen,30.7,22.12.11
Erstfeld,30.8,29.09.16
Gähwil,30.8,08.05.08
Waldkirch,30.8,02.04.09
Jona,30.8,10.04.09
Sempach,30.8,11.02.09
Zofingen,30.8,02.11.06
Burgdorf,30.8,07.12.10
Thierachern,30.9,19.03.13
Schaffhausen,30.9,28.02.12
Thayngen,30.9,11.04.12
Oberwil b. Büren,30.9,26.08.11
Grossaffoltern,30.9,11.09.14
Hellsau,30.9,19.12.13
Remigen,31,23.12.11
Dietlikon,31,22.11.11
Commugny,31,22.12.12
Bösingen,31,14.06.12
Küsnacht,31,14.10.10
Altstätten,31,31.05.10
Selzach,31,22.12.11
Hellbühl,31,04.11.11
Lengnau,31,15.09.11
Hirschthal,31,21.12.11
Winterthur,31.1,15.12.08
Wattwil,31.1,01.06.10
Château d'Oex,31.2,25.07.13
Mittelhäusern,31.2,29.11.13
L'Orient,31.2,16.12.11
Bigenthal,31.2,04.12.13
Heiligkreuz,31.2,10.03.15
Heiligkreuz,31.2,10.03.15
Holderbank,31.2,23.09.15
Rorbas,31.3,30.08.11
Rorbas,31.3,30.08.11
Frauenfeld,31.3,29.07.11
Rafz,31.3,15.08.12
Urtenen-Schönbühl,31.3,04.09.13
Buttisholz,31.3,15.05.12
Halten,31.4,03.07.12
Bretzwil,31.4,20.06.13
Inwil,31.5,16.11.09
Buttikon,31.5,18.09.09
Nesslau,31.5,12.05.10
Kiesen,31.5,02.11.10
Pfyn,31.5,08.02.08
Ayent,31.5,22.05.12
Oberentfelden,31.5,22.12.11
Uttwil,31.5,30.12.13
Ruswil,31.5,19.12.13
Rheinfelden,31.5,11.01.11
Romanel-Sur-Lausanne,31.5,25.07.11
Attelwil,31.5,20.07.11
Pfeffingen,31.5,12.08.11
Siblingen,31.5,22.07.16
Romoos,31.5,31.08.17
Höchstetten,31.6,16.02.12
Wallenbuch,31.6,01.06.16
Berg,31.6,01.04.09
Stein am Rhein,31.6,24.12.12
Langenbruck,31.6,03.12.13
Rottenschwil,31.6,18.05.15
Krummenau,31.7,27.11.09
Horw,31.7,29.09.11
Basel,31.7,18.11.10
Hägendorf,31.7,23.12.11
Hüttwilen,31.8,31.10.08
Burgdorf,31.8,05.12.13
Burgdorf,31.8,05.12.13
Mettmenstetten,31.8,27.03.15
Häggenschwil,31.9,17.09.12
Züberwangen,31.9,04.06.09
Zollbrück,31.9,23.02.12
Heiden,31.9,29.02.12
Schüpfheim,32,13.12.11
Küsnacht,32,24.12.10
Noflen,32,24.02.12
Ormalingen,32,26.09.12
Dreifachturnhalle Maihof,32,22.11.06
Trub,32,23.12.10
Aarberg,32,15.10.10
Selzach,32,22.12.11
Kriegstetten,32,17.08.11
Büren zum Hof,32,03.07.12
Niederurnen,32,05.10.11
Meierskappel,32,14.09.17
Salez,32.1,24.09.10
Tschugg,32.1,24.02.11
Deitingen,32.1,29.12.11
Ulisbach,32.1,20.12.13
Affoltern,32.1,04.12.15
Härkingen,32.1,20.12.11
Corcelles,32.1,23.05.12
Sumiswald,32.1,01.06.12
Riehen,32.2,01.12.11
Scherz,32.2,19.01.12
Eschenz,32.2,29.09.10
Eschenz,32.2,29.09.10
Entlebuch,32.2,11.04.11
Lanzenhäusern,32.2,20.10.09
Grasswil,32.2,27.09.12
Hondrich,32.2,16.12.11
Gipf-Oberfrick,32.3,29.04.08
Bowil,32.3,29.08.12
Ebersecken,32.3,29.05.13
Fieschertal,32.4,17.12.09
Schlatt,32.4,01.10.07
Meinisberg,32.4,06.12.11
Vernier,32.4,29.01.10
Frick,32.4,28.01.11
Recherswil,32.4,06.10.11
Aeschi,32.4,27.09.11
Osterfingen,32.4,25.07.17
Grosswangen,32.5,02.12.11
Gunzwil,32.5,07.11.08
Brig,32.5,12.08.11
Römerswil,32.5,07.09.15
Ohmstal,32.5,27.11.13
Hergiswil,32.6,21.11.11
Hergiswil,32.6,21.11.11
Essertines-sur-Yverdon,32.6,21.12.07
Zeiningen,32.6,28.02.12
Langnau,32.6,19.12.11
Ruswil,32.6,18.11.09
Orpund,32.6,18.11.11
Berneck,32.6,15.09.09
Seewil,32.6,13.09.12
Rengg,32.6,29.09.12
Rehetobel,32.7,14.04.12
Itingen,32.7,23.10.13
Grossaffoltern,32.7,20.12.12
Ruswil,32.7,05.12.13
Heimenhausen,32.7,17.06.11
Kriens,32.8,29.02.12
Rheinfelden,32.8,17.05.10
Densbüren,32.8,29.09.16
Ennetbühl,32.8,03.11.14
Schenkon,32.8,12.03.15
Quartino,32.8,27.01.12
Allenwinden,32.8,10.03.16
Wilihof,32.8,11.10.11
Gams,32.9,11.10.09
Dietikon,32.9,09.10.09
Stein,32.9,02.11.12
Wil,32.9,14.11.14
Schwellbrunn,33,01.01.09
Niederbuchsiten,33,11.09.12
Wauwil,33,20.07.11
Stans,33,03.12.13
Ennetmoos,33,25.04.14
Urswil,33,13.09.12
Schüpfheim,33,25.09.12
Haslen,33,30.09.12
Nottwil,33,06.11.08
Hagenwil b. Amriswil,33,17.03.16
Merzligen,33.1,07.03.13
Au,33.1,30.12.11
Kloten,33.1,25.09.12
Frauenfeld,33.1,16.12.09
Ortschwaben,33.1,22.01.13
Lumbrein,33.1,15.12.11
Ruswil,33.1,16.11.11
Hägglingen,33.1,27.02.12
Marbach,33.1,20.10.11
Menznau,33.1,20.12.11
Wolhusen,33.2,26.08.11
Boudry,33.2,11.12.13
Uettligen,33.2,21.12.12
Suberg,33.2,10.10.11
Schongau,33.3,20.07.12
Poliez-Pittet,33.3,30.06.14
Hinwil,33.3,19.12.13
L'Isle,33.3,17.12.09
Basel,33.3,19.12.13
Weissenburg,33.3,21.12.12
Wyssachen,33.3,09.12.13
Pratteln,33.3,30.07.13
Villy,33.3,14.10.11
Eggersriet,33.3,02.01.17
Schötz,33.3,26.09.12
Selzach,33.4,28.09.12
Gadmen,33.4,22.12.11
Rothrist,33.5,25.06.08
Rickenbach,33.5,14.06.12
Gasel,33.5,11.10.13
Bursins,33.6,07.03.07
Ebersecken,33.6,21.09.10
Sins,33.6,09.06.09
Etziken,33.6,14.04.11
Cresta (Avers),33.6,26.07.16
Dornach,33.6,13.12.11
Rapperswil,33.6,03.10.11
Abtwil SG,33.6,05.09.12
Schlierbach,33.6,12.08.15
Affoltern im Emmental,33.7,20.11.15
Russikon,33.7,01.12.14
Sempach-Station,33.7,23.12.12
Uffikon,33.7,12.06.14
Basel,33.8,15.12.11
Egliswil,33.8,17.08.11
Kaisten,33.8,03.07.09
Opfikon,33.8,08.11.12
Aubonne,33.8,15.12.08
Neuendorf,33.8,21.04.08
Cugy,33.8,11.07.11
Mettlen,33.8,07.11.14
Mühleberg,33.8,23.09.14
Gurzelen,33.8,16.05.12
Lupfig,33.8,26.08.11
Lanzenhäusern,33.9,20.10.09
Uettligen,33.9,29.08.12
Ziegelbrücke,33.9,15.11.13
Füllinsdorf,33.9,28.03.17
Schüpfheim,33.9,28.03.17
Buchs,34,20.08.08
Basel,34,25.11.13
Präz / Plaun,34,20.12.13
Abtwil,34,18.11.10
Küblis,34,28.08.14
Laufenburg,34,17.12.12
Kriens,34,31.03.15
Zug,34,31.03.16
Aesch,34,11.03.16
Surrein,34.1,21.06.16
Walenstadt,34.1,29.11.11
Zürich,34.2,05.12.11
Unterägeri,34.2,18.03.16
Eich,34.2,23.12.11
Zug,34.2,10.10.11
Lajoux,34.2,06.12.11
Eriswil,34.2,18.03.14
Rougemont,34.2,20.06.14
Gossau,34.3,30.01.09
Arlesheim,34.3,16.02.12
Pignia,34.3,21.09.11
Trübbach,34.3,24.04.08
Ebikon,34.3,28.04.14
Bergdietikon,34.3,17.10.12
Sent,34.3,06.12.11
Ebersecken,34.3,01.06.16
Ebnet,34.4,15.12.12
Hendschiken,34.4,24.11.11
Ebnet,34.4,12.08.11
Waltenschwil,34.4,22.01.13
Egolzwil,34.5,19.09.16
Bern,34.5,11.09.14
Basel,34.5,05.12.11
Zeiningen,34.5,08.12.11
Hüswil,34.6,28.09.12
Degersheim,34.6,05.03.12
Hämikon,34.6,16.07.15
Liestal,34.6,03.10.07
Kallern,34.6,05.12.12
Rickenbach,34.6,23.02.12
Zürich,34.6,05.12.11
Zürich,34.6,05.12.11
Frutigen,34.6,25.01.11
Thun,34.6,22.09.12
Azmoos,34.6,25.06.10
Oberbalm,34.6,12.04.10
Mettmenstetten,34.7,18.10.11
Luzern,34.7,24.02.11
Full-Reuenthal,34.7,19.12.13
St.Gallen,34.7,25.11.09
Taegerwilen,34.7,30.12.13
Eriswil,34.7,11.12.13
Schwendibach,34.8,22.11.12
Sempach,34.8,26.01.12
Jegenstorf,34.8,26.11.11
Seigneux,34.9,27.02.12
Finsterwald,34.9,12.10.12
Ufhusen,35,12.03.15
Zug,35,22.03.17
Guntmadingen,35,22.02.17
Basel,35,28.10.13
Basel,35,28.10.13
Arlesheim,35,20.07.11
Carouge,35,17.03.10
Hohenrain,35,25.06.13
Finsterwald,35.1,30.05.12
Genève,35.1,19.12.13
Villmergen,35.1,14.09.09
Grosswangen,35.1,30.09.15
Oberiberg,35.1,19.09.15
Kaltacker,35.1,23.03.15
Birsfelden,35.2,14.07.15
Birsfelden,35.2,14.07.15
Aigle,35.2,24.02.12
Penthalaz,35.2,21.12.12
Wisen,35.2,16.12.10
Lausanne,35.3,22.12.10
Eschenbach,35.3,25.09.15
Vuisternens-en-Ogoz,35.3,15.12.11
Waldkirch,35.3,20.06.12
Littau,35.3,23.04.13
Nidau,35.3,27.05.09
Romanshorn,35.3,27.07.12
Meyrin,35.3,03.10.14
Altwis,35.4,23.09.15
Geiss,35.4,09.06.12
Wilchingen,35.4,28.02.12
Emmen,35.5,27.03.06
Ebikon,35.6,29.06.15
Zürich,35.6,20.11.13
Schaffhausen,35.6,01.06.17
Muhen,35.7,16.04.10
Ittigen,35.7,27.11.14
Wolfwil,35.7,29.02.12
Zweisimmen,35.7,18.03.15
Gelfingen,35.8,15.03.17
Ormalingen,35.8,07.07.11
Lausanne,35.9,17.10.11
Lenzburg,35.9,04.11.13
Rüti,35.9,06.08.10
Unterstammheim,36,22.12.10
Trübbach,36,18.04.08
Steinach,36,30.06.13
Neudorf,36,22.11.13
Etziken,36,06.05.11
Choulex,36,23.09.11
San Carlo,36,11.09.12
Wittnau,36,08.11.11
Wetzikon,36,17.03.17
Develier,36,18.09.17
Grabs,36.1,25.09.09
Schüpfheim,36.1,16.11.11
Dürrenroth,36.2,05.10.11
Arosa,36.2,15.11.11
Wünnewil,36.2,21.12.10
Grosswangen,36.2,21.10.13
Rickenbach,36.2,25.09.12
Pratteln,36.3,29.09.17
Buchs,36.4,21.12.07
Les Ponts de Martel,36.4,17.12.13
Saanenmöser,36.4,23.04.14
Champvent,36.4,28.03.14
Lenzburg,36.4,01.02.12
Heimisbach,36.5,21.12.11
Gersau,36.5,30.09.11
Illnau,36.5,09.12.10
Davos Clavadel,36.5,21.12.12
Egg,36.6,02.11.11
Wölflinswil,36.7,03.03.15
Wolfisberg,36.7,22.06.11
Bellinzona,36.7,28.09.12
Meilen,36.7,19.04.17
Tenna,36.8,06.12.11
Bargen,36.8,11.06.13
Chavannes sur Moudon,36.8,21.11.12
Schmiedrued,36.9,30.08.12
Ried-Mörel,36.9,09.06.11
Rolle,37,09.02.11
Horgen,37,15.01.10
Attelwil,37,12.11.12
Schwarzenberg,37,09.09.11
Poliez-Le-Grand,37.1,30.08.09
Günsberg,37.1,30.03.16
Widen,37.2,14.06.10
Stels,37.2,11.07.08
Tenna,37.3,15.01.15
Uzwil,37.4,23.12.11
Ettingen,37.4,22.12.11
Lenggenwil,37.7,29.07.08
Ennenda,37.7,20.10.12
Attiswil,37.8,15.07.11
Interlaken,37.8,31.05.10
Romanshorn,37.8,27.07.12
Basel,37.8,15.10.10
Homburg,37.8,24.05.12
Langnau,37.9,28.09.12
Monthey,38,22.09.12
Ruswil,38,23.10.14
Jegenstorf,38,21.12.11
Chézard-Saint-Martin,38.1,07.05.12
Ebikon,38.3,29.06.15
Oberkirch,38.3,30.09.15
Seehof,38.4,11.05.12
Tenna,38.4,10.12.10
Alvaneu Dorf,38.4,22.12.11
Schafisheim,38.5,12.12.09
Eich,38.5,02.12.13
Jegenstorf,38.5,25.03.15
Rohrbachgraben,38.6,04.03.12
Staffelbach,38.6,05.11.10
Sulz,38.6,16.08.11
Flaach,38.7,20.05.11
Zürich,38.7,18.09.12
Givisiez,38.8,05.12.11
Seeberg,38.9,20.11.14
Euthal,38.9,14.11.11
Mollis,38.9,21.11.11
Pany,39,18.05.15
Muri,39.1,20.12.12
Kräiligen,39.1,10.08.11
Sempach,39.2,01.07.10
Oberwil bei Zug,39.3,01.02.16
Hasliberg Wasserwendi,39.4,31.07.12
Wünnewil,39.5,04.11.11
Mauensee,39.5,22.10.10
Neftenbach,39.5,11.10.13
Mollis,39.5,27.09.11
Schenkon,39.5,23.09.15
Rossrüti,39.6,09.02.09
St. Peterzell,39.6,11.10.11
Lausanne,39.6,03.12.06
Basel,39.6,04.08.09
Leutwil,39.7,19.03.15
Böbikon,39.7,23.12.11
Baar,39.7,09.12.11
Lienz,39.9,30.03.15
Obergesteln,40,27.12.11
Ganterschwil,40,09.07.13
La Chaux-de-Fonds,40,18.10.14
Sennwald,40,05.11.15
Haslen,40,30.09.12
Mühleberg,40,12.12.11
Finsterwald bei Entlebuch,40.1,17.05.11
Steinebrunn,40.2,28.12.11
Basel,40.2,27.11.09
Müllheim,40.3,21.12.10
Herznach,40.3,29.12.11
Herbligen,40.3,29.03.17
Schwarzenburg,40.3,09.09.14
Reute,40.3,28.09.12
Scheuren - Forch,40.3,29.01.15
Liestal,40.3,07.11.11
Untersteckholz,40.4,30.11.11
Engelburg,40.4,26.03.15
Schafisheim,40.5,27.11.07
Pfäffikon,40.5,17.11.11
Weinfelden,40.5,09.12.13
Rütihof,40.5,21.02.14
Préverenges,40.5,28.11.11
Furna,40.5,03.10.14
Hofstetten,40.6,22.12.11
Krummenau,40.6,09.12.13
Rubigen,40.7,20.08.15
Guntmadingen,40.8,14.11.11
Rotkreuz,41,23.06.08
Gohl,41,23.09.11
Riehen,41,10.11.11
Säriswil,41,14.07.08
Entlebuch,41,13.12.11
Villars-sur-Glâne,41.1,09.09.15
Pierrafortscha,41.1,26.03.15
Klosters,41.1,21.12.10
Kreuzlingen,41.1,08.06.10
Kerzers,41.3,02.11.11
Locarno,41.3,11.10.13
Griesenberg,41.3,08.10.13
Wattwil,41.3,26.02.15
Rudolfstetten,41.4,08.11.10
Scuol,41.4,10.12.10
Zürich,41.4,18.09.12
Zürich,41.4,18.09.12
Diemtigen,41.4,22.07.11
Wetzikon,41.4,03.11.11
Limpach,41.5,27.09.16
Alpnach Dorf,41.5,18.06.13
Mettmenstetten,41.6,03.12.11
Hohenrain,41.6,16.09.15
Aesch bei Neftenbach,41.6,06.12.13
Schwyz,41.8,24.08.11
Lausanne,41.8,12.01.10
Büren zum Hof,41.8,27.06.12
Lenggenwil,41.8,18.03.15
Murzelen,41.8,01.12.08
Satigny,41.9,29.10.09
Worb,41.9,12.10.11
Fehren,41.9,19.12.12
Amriswil,42,13.12.12
Froideville,42,27.11.12
Ebikon,42,05.11.14
Sünikon,42.1,20.09.12
Hohenrain,42.2,09.02.11
Biberist,42.2,03.05.12
Trimmis,42.3,28.02.12
Chur,42.3,18.09.10
Montricher,42.4,20.08.14
Bellach,42.5,24.02.12
Dussnang,42.5,20.07.12
Zug,42.5,13.05.13
Riedholz,42.6,22.12.11
Oberthal,42.6,23.11.11
Belp,42.6,15.10.13
Pfaffnau,42.6,20.07.12
Grabs,42.7,30.04.08
Ottoberg,42.8,02.02.09
Ottoberg,42.8,02.02.09
Lohn,42.9,15.12.11
Hedingen,42.9,03.11.11
Mathon,42.9,09.08.12
Arbon,42.9,07.06.10
Kerns,42.9,23.12.14
Gstaad,43,16.12.13
Kirchlindach,43,22.08.13
Ibach,43,18.12.12
Domdidier,43.1,21.12.12
Herznach,43.1,27.09.10
Oberburg,43.1,30.08.11
Fankhaus,43.1,19.11.14
Oberbipp,43.1,05.12.11
Sumiswald,43.1,28.06.16
Kreuzlingen,43.2,26.01.07
Grünenmatt,43.2,20.08.13
Kienberg,43.2,30.07.12
Hausen am Albis,43.3,25.09.15
Li Curt,43.3,05.12.13
Huttwil,43.3,22.09.11
Worb,43.4,08.05.12
Walperswil,43.4,10.11.10
Gossau,43.4,18.09.09
Frieswil,43.5,04.11.11
Otelfingen,43.6,26.10.11
Ilanz,43.6,08.10.13
Bettenhausen,43.7,09.07.10
Trub,43.7,30.09.12
Hemmental,43.7,19.03.15
Büron,43.7,16.09.16
Les Bioux,43.7,01.05.09
Stadel,43.7,16.11.11
Tobel,43.7,24.08.12
Wilen-Gottshaus,43.7,27.03.15
Tuggen,43.7,31.10.11
Mex,43.8,03.09.12
Esslingen,43.9,13.07.10
Basel,43.9,04.10.10
Buttisholz,43.9,20.09.16
Berneck,44,27.09.17
Monthey,44,14.12.12
Entlebuch,44,12.06.12
Merlischachen,44,23.09.11
Affeltrangen,44.1,23.04.09
Renens,44.1,05.02.10
Altstätten,44.2,23.11.11
Büren zum Hof,44.2,21.12.11
Schüpfheim,44.3,13.12.11
Wattwil,44.3,10.10.12
Rosshäusern,44.3,22.12.11
Steffisburg,44.4,19.11.15
Horn,44.4,30.05.08
Muttenz,44.4,06.04.11
Stuls/Stugl,44.4,28.11.11
Oberhelfenschwil,44.5,28.09.15
Hornussen,44.5,25.09.15
Oeschgen,44.5,23.08.13
Wildberg,44.5,23.12.11
Sent,44.7,01.12.11
Salez,44.7,05.11.11
Zwillikon,44.8,04.03.13
Oeschseite,44.8,05.06.08
Häusernmoos,44.8,20.09.11
Zell LU,44.8,16.03.15
Wilen,44.9,23.12.11
Steckborn,44.9,01.07.08
Schocherswil,45,07.12.11
Kägiswil,45,25.05.12
Longirod,45,15.12.09
Aarberg,45,12.04.12
Oberbalm,45.1,16.12.09
Courtaman,45.1,01.06.08
Bondo,45.1,21.10.14
Oetwil am See,45.1,18.12.13
Würenlingen,45.1,10.02.12
Lützelflüh-Goldbach,45.1,30.12.11
Quartino,45.2,27.02.12
Fulenbach,45.2,30.11.10
Chailly-Montreux,45.3,18.08.09
Ganterschwil,45.4,14.10.14
Eschenbach,45.4,28.02.17
Wäldi,45.4,08.12.11
Montezillon,45.5,08.10.09
Stierva,45.5,21.09.15
Rudolfingen,45.6,27.02.13
La Lecherette,45.6,16.02.09
Bassecourt,45.6,22.11.11
Castelrotto,45.6,01.09.11
Segnas,45.8,29.09.15
Nufenen,45.8,02.07.15
Baechli,45.8,12.06.13
Büttenhardt,45.8,28.09.08
Fanas,45.8,22.08.11
Auswil,45.9,17.09.11
Niederuzwil,45.9,10.03.15
Oberriet,46,20.12.13
Lützelflüh,46.1,31.12.10
Uster,46.1,24.10.14
Oberbalm,46.2,19.01.09
Schiers,46.2,22.08.11
Vattiz,46.2,14.11.14
Mauren,46.4,19.07.13
Bubikon,46.5,25.09.12
Selzach,46.5,12.01.12
Däniken,46.5,08.07.11
Bösingen,46.6,14.12.11
Torny-le-Grand,46.6,20.09.12
Crissier,46.6,01.10.11
Wallenwil,46.6,03.08.12
Dagmersellen,46.6,28.09.12
Urdorf,46.6,01.11.09
Baden,46.6,19.12.10
Neftenbach,46.7,24.03.15
Frauenfeld,46.7,26.11.10
Blonay,46.8,15.12.11
Uettligen,46.8,29.09.09
Trüllikon,46.8,25.09.12
Spreitenbach,46.8,24.06.15
Brugg,46.8,22.12.11
Regensdorf-Watt,46.8,30.03.15
Knonau,46.8,30.09.16
Basel,46.8,15.12.11
Basel,46.8,15.12.11
Baar,46.8,15.05.12
Wilen bei Wil,46.9,20.03.12
Semsales,46.9,19.11.14
Bennau,47,30.01.09
Alosen,47,16.09.15
Sumiswald,47.1,01.09.11
St. Gallen,47.2,26.08.10
Eschenbach,47.2,06.11.13
Rüthi,47.2,04.09.15
Wil bei Turgi,47.3,14.10.10
Luven,47.3,14.08.09
Gais,47.3,25.07.12
Affoltern am Albis,47.3,11.12.11
Tamins,47.3,20.04.11
Detligen,47.4,19.12.13
Basel,47.4,15.12.11
Basel,47.4,15.12.11
Satigny,47.5,25.06.15
Giswil,47.5,21.05.13
Wuppenau,47.8,20.12.11
Sempach,47.8,11.06.14
Oerlingen,47.8,10.12.14
Oberstetten,47.8,29.09.12
Lützelflüh,47.9,14.12.09
Bätterkinden,47.9,23.12.13
Porrentruy,48,09.07.08
Seewen,48,22.01.09
Les Bois,48,10.09.10
Arth,48,15.12.11
Sion,48,14.04.11
Bolken,48,13.09.11
Bellach,48,21.03.12
Collonge Bellerive,48,30.05.12
Thalwil,48.1,18.12.13
Rotkreuz,48.2,16.05.11
Münchenstein,48.3,21.12.10
Bellinzona,48.4,02.06.09
Grüsch,48.6,20.12.10
Schwyz,48.6,11.10.11
Widnau,48.6,30.10.13
Wildhaus,48.6,23.11.11
Murzelen,48.6,07.11.11
Onex,48.7,14.11.10
Tenniken,48.7,02.12.11
Eggiwil,48.7,05.11.09
Rickenbach SZ,48.8,20.06.12
Lumbrein,48.8,28.10.11
Bern,48.8,22.12.10
Lausanne,48.8,16.12.13
Märstetten,49,26.01.16
Oulens-Sur-Lucens,49,21.12.12
Niederuzwil,49,21.08.12
Wagen,49,18.11.08
St. Gallenkappel,49,17.12.14
Basel,49,25.11.13
Rain,49,14.10.11
Steinach,49.1,24.04.12
Oetwil am See,49.1,01.12.11
Marthalen,49.1,30.05.09
Basel,49.1,18.12.09
Uettligen,49.1,09.12.11
Zernez,49.1,30.09.15
Brissago,49.1,15.06.12
Biel-Benken,49.2,28.02.12
Lengwil,49.3,03.03.15
Altishofen,49.4,20.12.11
Schwyz,49.5,05.07.12
Les Hauts-Geneveys,49.5,15.12.11
Kleinlützel,49.5,22.12.11
Andwil,49.6,18.11.12
Tscherlach,49.6,06.12.11
Zäziwil,49.8,29.08.13
Porrentruy,49.8,25.09.15
Büsserach,49.9,23.12.11
Schinznach-Dorf,49.9,22.12.10
Uttigen,49.9,29.05.13
Mathod,50,20.12.11
Adelboden,50,27.09.12
Rickenbach,50.2,23.03.09
Saules,50.2,12.09.11
Cartigny,50.2,17.12.09
Berg am Irchel,50.2,19.07.11
Moosseedorf,50.2,21.11.08
Zuchwil,50.3,20.05.11
Morges,50.4,17.03.09
Rhäzüns,50.4,18.12.09
Port,50.4,04.09.09
Yverdon-les-Bains,50.4,05.04.11
Lenzerheide,50.4,15.11.13
Bassins,50.4,21.11.13
Cham,50.4,26.09.12
Wabern,50.5,07.06.15
Schwanden,50.5,30.03.15
Herisau,50.5,17.10.11
Schinznach-Dorf,50.5,14.10.10
Lungern,50.6,10.11.09
Liebefeld,50.6,20.05.12
Schneisingen,50.6,28.09.16
Yverdon-les-bains,50.6,02.12.11
Uesslingen,50.7,07.03.08
Oberegg,50.7,20.07.08
Grimisuat,50.7,10.11.08
Riazzino,50.7,28.09.12
Bärschwil,50.7,25.06.12
Thundorf,50.8,07.09.11
Dieterswil,50.9,30.09.16
Wil,50.9,16.12.11
Lyss,50.9,09.06.10
Baar,51,12.05.12
Güttingen,51,05.03.09
Emmenbrücke,51,29.12.10
Luzern,51,07.11.12
Arth,51,03.08.12
Selzach,51,30.12.10
Tägerwilen,51,01.01.15
Hofstatt,51,02.05.12
Hüttwilen,51,01.10.13
Erlenbach,51.1,02.12.09
Rafz,51.1,03.10.11
Suchy,51.2,20.12.12
Bedigliora,51.2,19.12.13
Endingen,51.2,10.12.10
Buch am Irchel,51.2,08.11.13
Thônex,51.3,31.03.10
Baar,51.3,26.06.15
Wünnewil,51.3,18.09.15
Ebnat-Kappel,51.3,17.09.15
Thayngen,51.4,06.09.07
Surcuolm,51.4,08.01.15
Zug,51.4,01.03.16
Granges,51.5,17.07.12
Wildhaus,51.5,19.08.15
St. Gallen,51.5,15.11.11
Gähwil,51.5,11.03.15
Zuckenriet,51.6,06.01.09
Gossau,51.6,22.09.11
Grenchen,51.7,18.11.11
Schangnau I.E.,51.8,25.09.12
Sempach,51.8,28.05.09
Zürich,51.8,18.09.13
Camorino,51.8,12.10.09
Madiswil,51.9,06.10.11
Dätwil,52,03.06.11
Wohlenschwil,52,26.03.09
Renens,52,23.12.13
Neuenegg,52,29.07.11
Langenthal,52,24.09.14
Le Mont-sur-Lausanne,52,06.09.13
Bözen,52,26.03.15
Maienfeld,52,30.03.15
Horw,52.2,13.06.08
Basel,52.2,22.12.10
Thalheim,52.2,30.09.16
Gams,52.3,08.06.09
Ebnat-Kappel,52.5,17.08.15
Haslen,52.5,05.12.12
Beringen,52.6,25.10.11
Wäldi,52.7,02.07.12
La Ferrière,52.8,17.04.08
Hünenberg See,52.8,18.11.11
Deitingen,52.8,29.09.11
Saint-Pierre-de-Clage / Chamoson,52.8,30.03.16
Herznach,52.8,30.12.13
Wängi,52.9,04.11.09
Genève,53,20.07.07
Castel S. Pietro,53,10.09.10
Bern,53,30.11.11
Kleinwangen,53,10.12.14
Abtwil,53,24.03.15
Savigny,53.1,18.12.09
Geuensee,53.2,22.06.12
Lupsingen,53.2,29.05.12
Frutigen,53.3,12.05.11
Willisau,53.4,27.08.12
Selzach,53.5,30.12.10
Cresta (Avers),53.5,07.11.14
Mont-Crosin,53.6,16.11.11
Muolen,53.6,13.02.09
Hildisrieden,53.6,26.06.12
Luzern,53.6,05.12.11
Sennwald,53.6,01.05.12
Valendas,53.6,07.11.13
Oberthal,53.6,25.10.11
Emmen,53.8,20.03.15
Gonten,53.8,21.12.11
Samstagern,53.8,10.11.11
Hörhausen,53.8,12.12.11
Pigniu,53.9,30.09.14
Männedorf,54,15.01.15
Meilen,54,08.11.13
Rebévelier,54,14.09.11
Abtwil,54,31.03.12
Diessbach,54,10.09.12
Sumiswald,54.1,20.05.11
Schwyz,54.2,24.10.09
Neuendorf,54.3,21.10.11
Ried bei Kerzers,54.3,23.12.11
Tavanasa,54.5,08.01.15
Erlen,54.5,29.08.11
Knonau,54.5,13.03.07
Lausanne,54.6,26.06.15
Trimmis,54.6,10.11.14
Zizers,54.6,15.10.14
Zug,54.6,29.09.15
Ins,54.7,02.05.12
Freidorf,54.8,30.10.14
Güttingen,54.8,23.02.09
Lenzburg,54.8,01.06.09
Basel,54.8,15.12.09
Nussbaumen,54.9,23.12.11
Neuenkirch,54.9,30.07.11
Wohlen bei Bern,55,28.05.09
Uerikon,55,11.09.12
Basel,55,14.12.09
Basel,55,31.08.10
Wegenstetten,55,30.09.14
Frauenfeld,55.1,01.11.13
Küblis,55.1,28.08.14
Gempen,55.1,16.05.12
Meienried,55.1,01.03.13
Mendrisio,55.1,13.12.13
Schenkon,55.1,28.09.12
Flueelen,55.2,28.05.09
Beromuenster,55.2,26.11.10
Oberuzwil,55.2,21.11.11
Grandson,55.4,28.06.12
Sonnental,55.4,29.07.16
Wängi,55.4,30.03.15
Guntershausen b. Aadorf,55.6,22.12.11
Uitikon,55.7,11.03.15
Jonen,55.7,17.11.11
Zuzwil,55.8,09.07.10
Merlischachen,55.8,15.12.11
Mühleberg,55.8,07.12.11
Detligen,55.9,28.02.12
Ebnet,55.9,28.10.11
Trübbach,55.9,08.11.13
Wittenbach,55.9,31.01.12
Elgg,56,19.07.11
Schüpfen,56,08.12.11
Belp,56.1,23.06.15
Oschwand,56.1,08.10.10
Davos Dorf,56.2,26.03.15
Hofstetten,56.2,21.12.11
Oensingen,56.2,04.11.11
Chiasso,56.2,20.04.12
Wilchingen,56.2,04.12.13
Erstfeld,56.3,04.11.11
Wuppenau,56.3,04.12.13
Surcuolm,56.4,28.08.15
Bern,56.4,14.11.11
Russikon,56.4,26.08.14
Uster,56.6,30.09.11
Ruswil,56.6,21.09.12
Niederbipp,56.6,20.12.10
Lausen,56.6,29.11.11
Rheinfelden,56.6,05.05.14
Rheinfelden,56.6,05.05.14
Hirzel,56.7,20.06.12
Entlebuch,56.7,08.09.11
Herisau,56.7,20.09.13
Frauenfeld,56.7,03.12.13
Andwil,56.7,12.11.14
Mümliswil-Ramiswil,57,29.09.15
Benzenschwil,57,19.02.09
Bonstetten,57,19.05.12
Trogen,57,03.06.15
Escholzmatt,57,22.12.11
Aigle,57.1,09.03.10
Mümliswil,57.1,13.02.15
Lyssach,57.2,19.11.08
Bachs,57.2,26.03.15
Laufen,57.2,31.03.15
Hünenberg,57.2,07.01.15
Kriens,57.2,08.11.11
Trub,57.3,20.12.11
St-George,57.3,07.11.11
La Comballaz,57.3,19.10.11
Gähwil,57.4,30.07.11
Hilfikon,57.4,23.07.14
Benken,57.5,20.12.13
Furna,57.5,09.03.15
Naters,57.5,06.07.12
Ersigen,57.5,23.01.12
Hüttwilen,57.6,30.06.17
Gipf-Oberfrick,57.6,17.12.12
Arezen,57.6,29.08.11
Démoret,57.7,03.09.12
Schleitheim,57.8,12.12.13
Appenzell,57.8,07.11.08
Hindelbank,57.8,22.12.11
Hinterfultigen,57.8,27.10.11
Schwadernau,57.8,01.11.11
Itingen,57.8,09.06.09
Itingen,57.8,09.06.09
Rabius,57.8,08.10.11
Messen,57.8,15.12.11
Hüttikon,58,30.03.17
Steckborn,58.1,30.04.12
Aeschi,58.2,28.11.11
Hilfikon,58.2,23.07.14
Bernex,58.2,02.11.09
Grenchen,58.3,01.12.11
Le Grand-Saconnex,58.3,22.12.10
Kaltbrunn,58.3,13.12.13
Sumiswald,58.3,25.08.11
Wittenbach,58.3,30.04.12
Remetschwil,58.4,17.02.09
Muri,58.5,13.11.09
Hohenrain,58.5,16.11.11
Ormalingen,58.5,09.12.11
Hauenstein,58.5,31.12.10
Dättlikon,58.6,17.12.13
Sempach,58.6,12.09.14
Basel,58.8,02.05.12
Bonaduz,58.9,18.12.14
Wolhusen,58.9,18.01.12
Kloten,59,21.12.12
Kirchberg,59,06.07.15
Trogen,59.1,30.08.07
Eichberg,59.2,03.06.11
Amriswil,59.2,24.06.13
Sax,59.3,28.09.12
Fislisbach,59.4,30.09.16
Obernau,59.4,17.04.13
Zug,59.4,01.03.16
Kleindietwil,59.4,28.11.12
Kägiswil,59.4,16.06.16
Eggiwil,59.5,26.09.12
Schwanden,59.5,03.07.13
Spreitenbach,59.5,30.09.16
Aigle,59.6,28.08.12
Leibstadt,59.6,28.09.11
Sissach,59.7,14.11.11
Obersaxen,59.8,12.12.11
Zell,59.8,27.02.12
Selzach,59.9,27.02.12
Basel,59.9,04.10.11
Oberegg,60,19.12.11
Oberried am Brienzersee,60,29.11.11
Basel,60,31.08.10
Ins,60,26.08.11
Krinau,60,11.03.15
Lenggenwil,60,07.01.15
Maschwanden,60,27.02.12
Glarus,60,01.07.12
Rheinfelden,60.1,17.05.10
Buchs,60.1,30.07.10
Frauenfeld,60.1,18.06.15
Genthod,60.2,22.12.11
Sempach,60.3,18.03.15
Mühleberg,60.3,21.12.11
Hermetschwil-Staffeln,60.4,16.12.13
Herdern,60.5,25.03.15
Rueun,60.5,28.02.12
Ueberstorf,60.6,20.12.11
Ftan,60.7,24.09.12
Wiedlisbach,60.8,30.03.16
Egnach,60.9,06.02.09
Oberriet,60.9,27.11.09
Wangs,61,24.08.11
Naters,61,13.09.12
La Chaux-de-Fonds,61,15.12.11
Wittnau,61.1,30.12.13
Wernetshausen,61.1,05.06.12
Thun,61.2,20.12.13
Baar,61.2,20.12.13
Seeberg,61.2,10.05.12
Hörhausen,61.3,02.01.15
Schötz,61.3,16.08.11
Trogne,61.4,22.09.14
Düdingen,61.4,20.02.09
Ichertswil,61.4,22.08.11
Dallenwil,61.5,07.08.12
Le Brassus,61.5,12.07.12
Lotzwil,61.6,18.02.14
Moerschwil,61.6,25.09.15
Wetzikon,61.6,07.11.08
Beggingen,61.6,20.03.15
Rüegsbach,61.6,20.12.11
Veltheim,61.6,07.08.14
Lavin,61.6,13.09.14
Rickenbach,61.7,11.11.09
Vernier,61.7,29.01.10
Zollikofen,61.7,30.11.13
Niederuzwil,61.8,27.02.12
Fanas,61.9,25.10.11
Laax,61.9,30.03.15
Breitenbach,62,01.10.11
Edlibach,62,02.10.14
Gommiswald,62,20.09.12
Tafers,62.1,27.07.09
Flawil,62.2,27.09.14
Bex,62.2,05.11.13
Sent,62.3,01.12.11
Ebnat-Kappel,62.3,24.11.11
Rafz,62.4,16.12.13
Mühlau,62.4,23.12.14
Cadro,62.4,14.12.11
Wald,62.4,12.03.15
Mellikon,62.4,28.02.12
Vaz/Obervaz,62.6,01.06.11
Rohrbach,62.6,18.11.11
Rüeggisberg,62.6,31.03.17
Menznau,62.7,22.09.15
Pfäffikon,62.7,26.10.12
Marbach,62.7,02.09.13
Rohrbach,62.7,08.12.11
Tuttwil,62.8,01.06.08
Zollikerberg,62.8,19.09.11
Perly-Certoux,62.8,05.07.10
Haslen,62.9,26.09.08
Leibstadt,63,23.08.13
Troistorrents,63,01.06.09
Wichtrach,63,15.11.09
Bubendorf,63,01.10.13
Mörschwil,63,10.01.15
Lanzenhäusern,63,18.10.13
Ipsach,63.1,03.04.09
Homburg,63.2,09.09.11
Ramsen,63.2,09.09.11
Malters,63.2,14.10.13
Zürich,63.2,18.09.13
Untersiggenthal,63.3,27.02.12
Zunzgen,63.4,15.09.08
Marin-Epagnier,63.4,07.04.09
Romanel-sur-Lausanne,63.5,01.06.12
Küblis,63.5,20.12.11
Ebersecken,63.5,09.06.13
Arezen,63.6,16.01.15
Puidoux,63.6,28.09.12
Ftan,63.6,08.12.10
Winterthur,63.6,18.08.11
Ballwil,63.6,24.03.16
Schlieren,63.6,10.07.12
Ernen,63.7,15.06.12
Goldingen,63.8,14.07.12
Eriswil,63.8,20.02.12
Ebnat-Kappel,63.8,12.08.11
Schönried,63.8,22.06.12
Samedan,63.9,31.12.10
Matzendorf,64,19.12.13
Flumserberg,64,13.11.08
Mötschwil,64,08.12.11
Hagendorn,64,30.10.09
Ziegelbrücke,64,27.02.15
Altstätten,64.1,11.11.11
Ballwil,64.1,29.10.13
Le Noirmont,64.2,31.05.09
Elsau,64.2,09.04.10
Hildisrieden,64.2,16.09.15
Au,64.2,30.09.15
Adligenswil,64.3,14.09.12
Rheinfelden,64.3,05.05.14
Rheinfelden,64.3,05.05.14
Belfaux,64.3,26.06.12
Sünikon,64.4,16.06.11
Andhausen,64.4,19.11.09
Ernetschwil,64.4,16.12.13
Weite,64.6,27.02.12
Gossau,64.6,19.10.11
Uetendorf,64.8,20.05.09
Bachs,64.8,05.10.11
Lyss,64.8,30.06.13
Thayngen,64.8,23.09.16
Goldingen,64.8,30.03.15
Bremgarten,64.9,12.12.13
Bischofszell,65,08.08.12
Heiden,65,27.09.12
Schattdorf,65,27.09.12
Marly,65.1,27.12.13
Aetigkofen,65.2,20.12.12
Seelisberg,65.3,16.02.15
Thalwil,65.3,18.12.13
Effretikon,65.3,16.11.11
Dättlikon,65.3,07.08.12
Mamishaus,65.3,17.12.13
Ennetmoos,65.4,22.08.08
Buchs,65.4,10.10.08
Hatswil,65.4,08.12.11
Heitenried,65.5,07.09.10
Gossau,65.5,22.11.11
Rüthi,65.5,31.03.16
Gals,65.5,24.02.12
Diepoldsau,65.7,03.05.10
Wildhaus,65.8,09.09.15
Longirod,65.8,05.07.13
Mattstetten,65.8,24.09.13
Kölliken,65.8,02.12.11
Berg TG,66,06.12.11
Oberuzwil,66,16.11.12
Utzenstorf,66,29.09.15
Kirchberg,66.1,05.01.15
Aesch,66.2,07.09.12
Oppligen,66.3,28.05.08
Auswil,66.3,16.12.11
Cottens,66.5,30.08.12
Muri,66.5,15.12.11
Sion,66.5,19.06.12
Pampigny,66.5,29.09.15
Allschwil,66.7,02.05.11
Schongau,67,10.10.10
Vicques,67,21.06.12
Gstaad,67,26.05.09
Wängi,67,05.12.11
Bonstetten,67,31.07.13
Seedorf,67,05.11.11
Steffisburg,67.1,22.02.12
Mels,67.1,19.12.11
Erlenbach,67.2,02.12.09
Oberiberg,67.2,05.01.15
Wolfertswil,67.2,05.12.16
Homburg,67.3,15.12.13
Seon,67.5,01.03.09
Gossau,67.5,28.05.08
Yverdon-les-Bains,67.5,11.11.09
Wauwil,67.5,01.01.17
Le Cerneux-Veusil,67.5,25.06.08
Le Cerneux-Veusil,67.5,25.06.08
Les Ponts-de-Martel,67.8,19.12.13
Wittnau,67.9,04.06.12
Schönengrund,67.9,14.10.14
Andelfingen,68,28.02.13
Puidoux,68,13.08.09
Carrouge,68,24.02.09
Lohn-Ammannsegg,68.2,29.09.15
Le Prese,68.4,18.12.13
Wattwil,68.4,27.10.14
Grossaffoltern,68.4,30.06.16
Reinach,68.5,23.09.15
Raron,68.6,14.11.13
Baar,68.6,13.11.14
Schaffhausen,68.6,08.05.13
Zweisimmen,68.6,08.12.11
Muri,68.6,17.03.15
Zell,68.6,04.03.15
Galmiz,68.6,20.06.16
Klingnau,68.7,27.09.12
Paspels,68.7,01.01.09
Cham,68.7,21.09.09
Niederhasli,68.9,17.08.12
Domat / Ems,68.9,10.11.09
Steinach,68.9,29.01.15
Vuarrens,68.9,08.12.11
Le Monr-sur-Lausanne,68.9,25.09.12
Steinhuserberg,68.9,10.10.13
Engelburg,69.1,22.06.12
Zollikofen,69.1,04.11.11
Baden,69.1,22.11.10
Rüedisbach,69.1,28.02.12
Dulliken,69.1,22.12.11
Dürnten,69.2,20.12.13
Cresta (Avers),69.2,27.09.12
St.Gallen,69.3,16.01.09
Zuzwil,69.3,05.07.13
Zuzwil,69.3,05.07.13
Ebikon,69.4,29.06.15
Sins,69.4,23.12.11
Steckborn,69.6,24.06.13
Schlieren,69.6,31.03.17
Einsiedeln,69.6,19.12.11
Lamboing,69.7,05.12.13
Russikon,69.8,22.12.14
Trasadingen,69.8,04.03.08
Cimalmotto,69.9,22.08.12
Wald,70,28.10.14
Wohlen,70,25.06.13
Delémont,70,24.09.12
Les Moulins,70,07.08.09
Porrentruy,70,24.09.12
Steinhuserberg,70,29.12.11
Petit-Lancy,70,27.07.09
Echandens,70.2,23.12.13
Basel,70.2,26.05.10
Kerns,70.2,11.09.14
Praden,70.2,30.09.16
Wohlen b. Bern,70.2,18.06.12
Würenlos,70.3,05.05.11
Fanas,70.4,15.08.11
Aesch,70.4,27.03.15
Stans,70.5,19.08.11
Gossau,70.5,16.08.11
Altdorf,70.5,25.07.16
Murzelen,70.6,11.06.12
Olten,70.6,28.12.11
Dottikon,70.6,21.12.12
Sirnach,70.7,14.01.15
Ursenbach,70.8,14.09.11
Saxon,70.8,22.12.11
La Chaux-De-Fonds,70.8,20.11.14
Trachslau,70.9,12.03.15
Kesswil,70.9,28.12.11
Ottikon b. Kempthal,70.9,02.09.11
Lieli,71.2,26.01.16
Gams,71.3,29.10.13
Seengen,71.3,18.04.13
Ernetschwil,71.4,07.09.11
Unterseen,71.4,03.08.10
Oberthal,71.4,24.12.13
Brugg,71.4,24.03.14
Schwarzenbach,71.4,30.07.12
Gunzgen,71.4,20.12.11
Thayngen,71.5,26.11.14
Gwatt,71.6,03.10.13
Zuckenriet,71.7,29.05.09
Riedtwil,71.7,02.12.10
Niederwil,71.7,26.11.13
Mörschwil,71.8,30.10.10
Oberwil bei Büren,71.8,19.12.13
Turtmann,71.8,31.07.14
Corcelles,71.9,30.09.12
Arth,71.9,01.06.12
Braunau,71.9,13.03.17
Ruswil,72,07.03.13
Donat,72,10.12.10
Wohlen,72,28.09.16
Lax,72,15.12.11
Gais,72.1,20.11.14
Mühledorf,72.2,23.08.16
Lobsigen,72.4,28.12.11
Oberbussnang,72.4,13.07.13
Sursee,72.4,30.09.14
Opfikon,72.4,29.07.11
Rehetobel,72.6,02.04.09
Hirzel,72.6,02.07.15
Flumserberg,72.7,15.08.08
Beromünster,72.8,05.07.11
Vattiz,72.8,25.09.15
Linden,72.8,10.06.11
Neuenegg,72.8,28.01.15
Kreuzlingen,72.9,14.10.11
Gelterkinden,72.9,14.06.13
Büren an der Aare,73,15.12.11
Geltwil,73,28.09.12
Affoltern,73.1,24.09.15
Baar,73.1,30.03.16
Ried-Brig,73.1,21.06.11
Kerns,73.2,12.08.13
St. Ursen,73.4,01.11.11
Kappel,73.4,21.11.11
Kappel,73.4,21.11.11
Elgg,73.4,21.06.13
Aesch bei Neftenbach,73.5,20.12.11
Deisswil,73.5,25.07.12
Hittnau,73.6,12.10.11
Gimel,73.9,13.04.10
Russikon,73.9,08.12.11
Langnau,74,13.08.09
Fulenbach,74,20.06.11
La Roche,74.1,14.12.13
Uesslingen,74.2,14.09.15
Sarnen,74.2,04.07.17
Homburg,74.3,12.12.11
Liestal,74.3,09.12.11
Hergiswil b. Willisau,74.3,17.06.11
Trachslau,74.4,16.09.15
Erlenbach,74.4,02.12.09
Gossau,74.4,24.03.11
Schwanden,74.4,01.10.14
Beromünster,74.4,13.03.13
Hinwil,74.5,01.10.11
Gunzwil,74.5,18.09.12
Löhningen,74.6,01.09.08
Cremin,74.6,18.11.10
Au,74.6,28.06.12
Molinis,74.6,25.08.14
Waltenschwil,74.7,18.04.11
Eschenz,74.8,19.12.14
Lütisburg-Station,74.8,23.03.15
Deitingen,74.9,10.11.14
Wiezikon b. Sirnach,74.9,12.05.16
Greifensee,75,28.02.12
Burgistein,75,13.09.12
Davos Dorf,75,19.09.13
Rengg,75.1,20.11.13
Bözen,75.2,23.12.11
Sursee,75.2,30.09.14
Teufen,75.5,13.05.15
Auw,75.6,04.12.13
Schachen,75.7,22.12.09
Le Prese,75.7,03.12.14
Ormalingen,75.8,11.07.11
Heiligenschwendi,76,27.03.15
Gy,76,18.12.10
Dotzigen,76,03.01.15
Beinwil am See,76.1,27.02.12
Schönried,76.1,26.10.11
Neudorf,76.1,24.06.15
Eriz,76.3,14.09.12
Schenkon,76.3,27.08.09
Rüttenen,76.4,27.03.15
Waldkirch,76.4,21.03.12
Oberuzwil,76.4,07.08.14
Cernier,76.4,15.12.11
Küsnacht,76.6,12.11.10
Aathal-Seegräben,76.9,18.04.12
Vuarrens,77.1,29.09.12
Menznau,77.2,12.11.11
Wädenswil,77.2,26.07.11
Enggistein,77.2,30.09.15
Ranflüh,77.2,24.06.12
Grüningen,77.4,16.12.12
Hüttlingen,77.4,31.03.16
Herbligen,77.5,20.11.11
Schinznach-Dorf,77.5,30.11.13
Rheinfelden,77.5,05.05.14
Rheinfelden,77.5,05.05.14
Fully,77.6,16.08.12
Lütisburg,77.7,07.12.11
Guntalingen,77.8,04.12.13
Küblis,77.8,03.07.12
Birmenstorf,77.8,23.12.11
Birmenstorf,77.8,23.12.11
Buttisholz,77.8,28.12.12
Jenaz,77.9,29.11.11
St. Ursen,78,01.11.11
Thundorf,78,08.07.11
Rüttenen,78,30.03.15
Solothurn,78,30.03.15
Wahlen,78,14.12.13
Sonterswil,78.1,02.01.15
Gossau,78.2,07.12.11
Lax,78.2,28.12.11
Lamboing,78.3,25.09.15
Lamboing,78.3,25.09.15
Kriens,78.3,07.05.08
Zug,78.4,05.12.14
Heitenried,78.4,22.12.11
Bauma,78.4,31.10.14
Doppleschwand,78.4,20.08.12
La Ferrière,78.4,13.03.15
Flums,78.5,17.11.08
Uetikon am See,78.5,25.04.12
Kägiswil,78.5,05.12.14
Pratteln,78.5,16.04.09
Yverdon-les-bains,78.7,02.12.11
Schüpfheim,78.7,31.07.15
Eschlikon,78.8,01.11.11
Schwyz,78.8,16.11.10
Vich,79,15.05.08
Ennetmoos,79,11.06.15
Bisikon,79,18.03.15
Steinmaur,79.1,08.12.10
Beringen,79.2,14.12.11
Meyrin,79.2,26.08.08
Maur,79.2,09.05.14
Roggwil,79.3,23.12.13
Wald,79.3,22.05.13
Oberegg,79.3,19.11.08
Märstetten,79.3,19.11.14
Untervaz,79.4,22.12.11
Anwil,79.5,23.03.15
Genf,79.6,30.06.15
Tafers,79.6,06.06.12
Au,79.7,23.12.11
Uetikon,79.8,01.11.11
Assens,79.9,30.12.10
Grimisuat,80,20.09.12
Einsiedeln,80,27.09.11
Avenches,80,15.02.12
Müstair,80.1,28.09.12
Stalden,80.1,06.01.15
Entlebuch,80.1,20.07.12
Iselisberg,80.1,26.09.13
Sevelen,80.1,01.04.14
Pfyn,80.2,30.09.13
Biezwil,80.3,23.12.13
Poschiavo,80.3,05.09.14
Hofstatt,80.3,11.05.15
Orvin,80.3,21.12.12
Uebeschi,80.3,09.10.14
Seewis Dorf,80.4,18.12.12
Bad Ragaz,80.5,30.09.14
Oberembrach,80.6,28.12.11
Le Lignon,80.6,22.12.09
Spreitenbach,80.6,29.02.12
Malans,80.6,25.08.15
Rieden,80.9,06.01.15
Eppenberg,81.1,02.08.13
Rosshäusern,81.2,20.12.11
Scheuren,81.2,31.03.15
Giswil,81.3,29.04.16
Hüttlingen,81.5,12.03.15
Münchenstein,81.5,15.12.11
Burgdorf,81.5,21.12.11
Altstätten,81.6,15.12.11
Martigny,81.6,01.10.12
Inwil,81.6,25.03.15
Monthey,81.6,23.12.11
Aeschi,81.7,16.12.11
Winterthur,81.7,23.12.11
Root,81.8,20.12.11
Buochs,81.9,02.01.15
Meyrin,81.9,23.12.13
St. Erhard,82,23.12.11
Provence,82.1,29.11.11
Alikon / Sins,82.1,30.12.13
Werthenstein,82.1,27.07.12
Rothenburg,82.2,06.06.14
Zug,82.2,25.09.15
Kesswil,82.2,18.11.13
Schönenberg,82.3,30.03.15
Stalden,82.4,23.12.11
Stalden,82.4,23.12.11
Büren zum Hof,82.5,27.02.12
Altstätten,82.5,11.11.11
Winden,82.5,06.07.11
Oberhofen,82.5,17.11.14
Birmensdorf,82.5,04.12.13
Benken,82.6,30.12.11
Rheinfelden,82.6,05.05.14
Rheinfelden,82.6,05.05.14
Tramelan,82.7,22.10.14
Le Noirmont,82.7,14.10.10
Wislikofen,82.8,26.08.11
Matzendorf,82.9,11.11.11
Seewen,83,10.11.11
Le Cerneux-Veusil,83,28.10.08
Steinach,83.1,15.11.13
Villarlod,83.2,20.12.11
Klosters Dorf,83.2,06.11.12
Nürensdorf,83.2,14.11.13
Dietikon,83.2,22.07.16
Ebersecken,83.2,23.09.13
Walterswil,83.3,08.12.11
Zignau,83.4,31.10.13
Hellbühl,83.4,22.03.11
Genolier,83.6,27.12.10
Sursee,84,25.04.12
Villaz-St-Pierre,84,26.09.11
Kiesen,84,01.05.14
Recherswil,84,09.12.11
Farden,84,10.10.14
Basel,84.1,04.10.10
Mörschwil,84.2,05.09.11
Visperterminen,84.2,15.09.13
Laax,84.2,30.09.14
Trübbach,84.2,16.06.15
Menzingen,84.2,26.03.15
Rickenbach,84.2,06.01.15
Engishofen,84.3,05.01.15
Mettmenstetten,84.4,19.12.13
Jonschwil,84.5,30.01.09
Weiningen,84.5,23.10.12
Kiesen,84.5,04.09.12
Ricketwil,84.8,12.10.11
Villmergen,84.8,14.12.16
Rapperswil,85,29.07.11
Rüthi,85,30.03.15
Rüthi,85,30.03.15
Ebikon,85.1,16.12.14
Muttenz,85.2,19.12.11
Schmitten,85.2,19.12.13
Waldkirch,85.4,06.08.15
Bottmingen,85.5,17.09.12
Gams,85.6,24.04.11
Li Curt,85.7,18.12.13
Risch (ZG),85.8,29.03.16
Jaun,85.8,31.03.16
Dotzigen,85.8,15.07.16
Rossrüti,85.8,23.03.15
Fahrwangen,85.8,03.07.15
Münchenstein,85.8,20.08.12
Sempach,85.9,23.11.12
Erlinsbach,85.9,22.08.12
Oberbüren,86,15.03.16
Diessbach,86.1,09.12.11
Köniz,86.2,23.12.11
Schüpfen,86.3,12.12.11
Iffwil,86.4,23.12.09
Sementina,86.4,16.04.13
Meyrin,86.4,20.07.11
Ettiswil,86.4,02.02.15
Zielebach,86.4,11.08.15
Weinfelden,86.5,11.09.11
Wettingen,86.6,17.02.12
Wolfwil,86.6,05.12.11
Zuchwil,86.8,14.11.11
Mötschwil,86.9,21.12.12
Dietikon,87.1,22.07.16
Thun-Allmendingen,87.4,22.12.16
Spreitenbach,87.4,30.03.15
Aeschi,87.4,21.12.10
Sent,87.4,25.09.14
Unterentfelden,87.5,23.12.11
Retschwil,87.6,11.09.15
Uster,87.7,25.09.12
Saulcy,87.8,27.12.11
Wil,87.8,19.01.15
Klingnau,87.9,30.03.15
Villars-Sainte-Croix,87.9,29.12.11
Wettingen,87.9,30.10.13
Oberegg,87.9,17.04.09
Winterthur,88,29.08.07
Winterthur,88,01.11.07
Winterthur,88,01.11.07
Rohrmatt,88,22.12.11
Erlenbach,88.1,22.12.11
Gontenschwil,88.1,20.12.12
Chavannes-de-Bogis,88.2,15.12.11
Belp,88.3,17.09.12
Biberist,88.3,25.11.11
Steinhausen,88.4,25.09.12
Ufhusen,88.5,17.07.13
Scheuren,88.6,29.09.15
Meilen,88.6,31.07.12
Bangerten b. Dieterswil,88.7,24.08.15
Tann,88.8,28.09.12
Bibern,89.3,29.06.12
Seuzach,89.3,28.09.12
Lausanne,89.3,28.09.12
Les Thioleyres,89.5,16.12.13
Uznach,89.6,21.09.11
Bretzwil,89.7,22.12.11
Frutigen,89.9,08.06.10
Fully,90.1,16.08.12
Malters,90.1,15.07.13
Schafisheim,90.1,27.09.16
Noflen,90.2,17.08.12
Aesch,90.2,17.12.13
Ried-Mörel,90.3,23.12.11
Im Fang,90.3,04.12.12
Recherswil,90.5,16.12.14
Donat,90.5,17.12.14
Cugy,90.5,06.09.13
Falera,90.5,31.10.13
Sumiswald,90.5,18.11.13
Sempach,90.6,06.01.15
Nohl,90.7,04.12.13
Zuzwil,90.7,20.09.13
Kerns,90.7,19.12.14
Menziken,90.8,30.09.13
Balerna,90.9,09.09.13
Lommiswil,91,20.12.11
Morissen,91,24.07.15
Davos Dorf,91,26.03.15
Eclépens,91.1,15.11.10
Renens,91.1,27.12.13
Müllheim,91.4,28.09.12
Basadingen,91.4,26.09.12
Rances,91.5,03.10.12
Pfyn,91.5,29.02.12
Wohlen b. Bern,91.6,05.03.09
Kleinbösingen,91.8,27.09.12
Reckingen,91.8,31.07.12
Steffisburg,91.8,22.12.15
Rain,91.8,25.09.12
Dietschwil,91.8,19.03.15
Müselbach,92,16.12.11
Herrliberg,92,21.03.16
Necker,92.1,20.09.12
Hedingen,92.1,19.12.11
Oberriet,92.1,22.12.11
Thayngen,92.2,23.09.11
Eriswil,92.2,17.12.13
Wuppenau,92.4,02.12.13
Hauptwil,92.4,20.09.12
Müstair,92.4,30.12.13
Rennaz,92.6,15.12.10
Diemtigen,92.6,05.12.11
Steinhausen,92.6,18.10.13
Küssnacht,92.8,22.12.16
Kirchberg,92.8,10.08.11
Zuoz,92.8,24.10.14
Samedan,92.8,26.11.14
Basel,92.9,01.09.11
Herdern,92.9,26.06.15
Pfäffikon,93,16.01.15
Pfäffikon,93,16.01.15
Rovray,93,26.09.12
Attiswil,93,11.09.12
Cortaillod,93.1,31.12.13
Neu St. Johann,93.2,23.03.15
Kriens,93.3,03.04.12
Günsberg,93.3,19.12.13
Matten i/s,93.6,01.07.13
Wisen,93.6,29.02.12
Diepoldsau,93.6,17.09.12
Ziegelbrücke,93.6,23.03.16
Aeschi bei Spiez,93.6,25.09.15
Deitingen,93.8,03.04.09
Hauenstein,93.8,24.06.13
Münsingen,93.9,16.12.11
Tägerwilen,94,23.12.11
Basadingen,94.1,05.12.14
Gohl,94.1,04.09.12
Wuppenau,94.1,06.12.13
Utzigen,94.1,28.12.11
Schönbühl,94.2,05.12.11
Seehof,94.4,16.10.14
Unterkulm,94.4,02.09.15
Amriswil,94.5,17.12.13
Herisau,94.5,30.09.16
Winterthur,94.6,19.12.11
Müllheim,94.6,17.09.15
Tägerwilen,94.6,28.12.11
Alberswil,94.6,27.04.09
Säriswil,94.6,13.12.13
Lustdorf,94.6,20.07.16
Landiswil,94.7,15.12.11
Wald,95,22.08.12
Herbetswil,95,28.06.12
Schnottwil,95,31.03.15
Oppligen,95.3,09.12.11
Heiden,95.3,20.12.07
S. Carlo,95.4,18.12.13
Herisau,95.7,10.11.14
Münchringen,95.7,18.04.12
Büriswilen,95.8,21.12.07
Dietikon,96.1,01.11.09
Oberbalm,96.2,20.02.09
Bissegg,96.3,01.10.11
Haag SG,96.4,05.12.11
Wasterkingen,96.4,28.09.12
Zollbrück,96.5,25.03.09
Lumbrein,96.5,05.01.15
Kägiswil,96.7,18.11.13
Cunter,96.9,17.10.12
Säriswil,97,23.12.11
Nebikon LU,97,28.06.12
Bernex,97,12.12.11
Othmarsingen,97.1,26.10.11
Trachslau,97.1,24.03.15
Alterswil,97.2,21.07.09
Dreien,97.2,14.03.12
Rütihof,97.2,28.09.13
Sulz,97.3,14.09.12
Ettiswil,97.8,19.08.13
Muolen,97.8,02.10.14
Laupersdorf,97.8,23.03.15
Kaltbrunn,97.8,14.06.13
Grabs,97.8,13.05.13
Sédeilles,97.8,11.08.11
Ottoberg,97.8,27.03.15
Sulz,97.9,20.11.13
Winterthur,98,17.11.11
Küsnacht,98,27.02.12
Ruswil,98,13.05.11
Seewen,98,14.07.11
La Tour-de-Peilz,98,30.09.15
Dotzigen,98,14.09.12
Heimenhausen,98,10.08.12
Richenthal,98,28.09.15
L'Orient,98.1,07.09.12
Avry,98.2,21.12.11
Hittnau,98.2,31.10.13
Würenlos,98.3,13.11.14
Madiswil,98.3,24.11.11
Turbenthal,98.3,01.09.09
Montlingen,98.5,04.11.11
Villigen,98.5,17.12.14
Freidorf,98.5,08.02.16
Eschenbach,98.5,21.05.13
Liestal,98.6,25.09.12
Estavayer-le-Lac,98.7,20.12.11
Knonau,98.8,28.10.11
Reinach,98.8,28.05.09
Romairon,99,25.02.16
Schüpfen,99,07.12.11
Winterthur,99,03.05.13
Villigen,99.1,11.12.14
Lengnau,99.1,22.02.12
Erlach,99.2,03.08.12
Gränichen,99.2,16.09.11
Chur,99.3,17.12.10
Säriswil,99.3,18.03.15
Saas im Prättigau,99.3,08.09.15
Schinznach Dorf,99.4,29.09.15
Oberwangen,99.6,20.12.11
Unterwasser,99.6,25.09.15
Spiez,99.6,23.09.13
Boll,99.7,24.09.12
Palézieux-Village,99.7,20.09.12
Dürrenroth,99.8,24.12.11
Lussy-sur-Morges,99.8,20.09.11
Scheunen,99.8,26.11.12
Schüpfheim,99.8,26.03.15
Meggen,99.8,27.09.13
Langenthal,99.8,18.12.13
Eischoll,99.8,17.09.15
Brunnen,99.9,28.09.11
Seedorf,99.9,09.12.11
Rumisberg,99.9,22.12.11
Seon,99.9,17.03.15
Herisau,100,11.07.16
Rosshäusern,100,09.08.12
Valchava,100,30.03.15
Rossrüti,100,12.12.13
Niederbuchsiten,100.1,04.11.14
Hettenschwil,100.2,01.10.14
Gelterkinden,100.3,23.06.11
St.Antoni,100.3,28.02.12
Muntelier,100.4,24.03.09
Willisau,100.4,21.08.14
Matran,100.5,03.07.09
St. Antoni,100.5,13.01.15
Meggen,100.5,30.09.15
Hauptikon,100.6,07.01.16
Zollikon,100.6,30.03.17
Wollerau,100.7,20.12.11
Hittnau,100.8,23.06.09
Gorgier,100.8,25.02.12
Bützberg,100.8,24.03.16
Zwillikon,100.8,04.07.16
Rothenburg,100.9,18.06.10
Steinmaur,100.9,05.01.15
Steinerberg,100.9,21.12.12
Möhlin,100.9,25.03.15
Mendrisio,101,11.12.13
Hofstatt,101,28.09.15
Rothenthurm,101.3,27.04.10
Rheinau,101.4,18.06.13
Uster,101.4,23.08.13
Gümligen,101.5,18.03.15
Madiswil,101.5,29.11.11
Schangnau,101.6,04.12.13
Aeschi bei Spiez,101.6,18.06.10
Kaltbrunn,101.7,08.08.12
Sevelen,101.8,30.03.11
Therwil,101.8,23.08.12
Fiesch,101.8,25.09.12
Buchberg,101.9,13.12.13
Affeltrangen,101.9,02.01.15
Fehren,102,20.04.12
Gempenach,102,17.09.12
Bonstetten,102.4,27.12.11
Aigle,102.4,28.10.13
Grabs,102.4,24.02.12
Schlatt Leuggern,102.5,16.06.15
Wattwil,102.7,04.06.10
Sivieriez,102.7,14.05.08
Wolfhausen,102.7,22.12.12
Ollon,102.7,05.06.14
Ollon,102.7,05.06.14
Lyss,103,30.03.16
Nürensdorf,103,14.11.13
Benken,103,21.03.17
Eggersriet,103.2,31.03.17
Erlinsbach,103.3,30.03.10
Altishofen,103.3,16.12.11
Romanel-sur-Morges,103.4,14.12.12
Wolfertswil,103.5,07.12.11
St-Légier-La Chiésaz,103.5,30.09.13
Echallens,103.5,13.12.11
Buttisholz,103.6,27.09.13
Gunzwil,103.7,05.07.12
Watt,104,16.12.10
Sirnach,104,08.02.08
Renens,104,23.12.13
Alpnachstad,104,02.01.15
Rupperswil,104,01.05.12
Yvonand,104.2,21.11.12
Mettmenstetten,104.7,18.12.13
Haslen,104.7,26.10.11
Bünzen,104.7,19.09.16
Jonen,105,12.12.11
Buchillon,105,22.11.11
Oberdorf,105,02.09.13
Obergurzelen,105,17.10.11
Fanas,105,03.03.15
Ried-Brig,105,20.12.12
St. Gallen,105.1,25.04.12
Aarwangen,105.1,25.11.09
Fislisbach,105.3,15.06.12
Fulenbach,105.5,30.11.11
Basel,105.5,05.12.11
Curtilles,105.5,08.12.11
Bussy,105.6,18.10.12
Ruschein,105.6,08.01.15
Bäretswil,105.6,29.09.15
Luzern,105.8,14.09.09
Steffisburg,105.9,16.02.12
Sirnach,106,20.12.13
Bellwald,106.1,21.12.15
Udligenswil,106.2,23.03.16
Büren an der Aare,106.5,17.08.09
Ursenbach,106.5,06.07.12
Nesslau,107.1,30.01.15
Güttingen,107.2,13.03.17
Lommis,107.2,20.07.11
Corminboeuf,107.2,20.12.11
Baldegg,107.4,03.03.15
Gontenbad,107.4,28.01.16
Seewen,107.4,10.02.11
Neuendorf,107.5,03.11.11
Fällanden,107.5,23.12.11
St-Légier-La Chiésaz,107.6,26.09.13
Saanenmöser,107.6,02.06.15
Lanzenhausern,107.8,14.08.09
Rohrbach,107.8,20.12.11
Rohrbach,107.8,20.12.11
Yens,107.9,24.09.15
Emmenbrücke,107.9,13.11.14
Hünenberg,108,31.08.12
Murzelen,108.1,29.10.13
Entlebuch,108.1,14.12.11
Entlebuch,108.1,14.12.11
Brunnen,108.3,29.09.11
Ebikon,108.4,11.06.15
Schüpfheim,108.6,14.12.11
Basadingen,108.7,16.05.13
Zug,108.9,29.02.12
Wilen,108.9,18.12.12
Allmendingen,109,11.11.11
Benzenschwil,109,22.02.12
Merishausen,109.1,13.12.12
Wermatswil,109.1,29.09.16
Rottenschwil,109.2,31.03.16
Basel,109.4,24.02.12
Altstätten,109.5,17.12.13
Chandon,109.7,14.05.13
Matran,109.8,29.05.09
Fischbach,109.9,21.05.10
Unteraegeri,110,28.10.13
Schenkon,110,12.03.15
Le Landeron,110,06.10.06
Allschwil,110.1,19.12.11
Schweizersholz,110.2,10.12.12
Malters,110.2,27.02.12
Löhningen,110.2,14.05.14
Innerthal,110.3,07.01.15
Vernayaz,110.4,30.09.15
Charrat,110.5,13.07.15
Rain,110.5,19.12.13
Sempach-Station,110.9,04.08.11
Urdorf,111.3,24.03.15
Flums,111.3,21.03.17
Schnottwil,111.3,24.12.15
Weinfelden,111.3,05.12.11
Boningen,111.4,26.06.12
Winterthur,111.8,27.08.15
Bonstetten,111.8,02.10.14
Gossau,112,23.12.10
Fischingen,112.1,15.10.13
Villars-le-Grand,112.2,06.12.12
Rheinfelden,112.2,05.05.14
Rheinfelden,112.2,05.05.14
Affeltrangen,112.2,20.04.12
Fanas,112.4,30.11.10
St.Gallen-Winkeln,112.4,14.12.09
Winterthur Reutlingen,112.5,30.07.12
Tamins,112.9,24.09.15
Aesch,113,23.01.09
Mönchaltorf,113,17.03.16
Leytron,113.1,12.06.13
Horgenberg,113.1,12.03.15
Oberegg,113.2,06.07.12
Jonschwil,113.2,22.09.16
Kappel am Albis,113.2,12.12.13
Berg,113.4,20.11.13
Zürich,113.4,30.05.12
Ebnat-Kappel,113.4,10.09.12
Balgach,113.4,22.03.16
Knonau,113.5,24.08.11
Speicher,113.8,25.10.12
Turtmann,113.8,04.06.12
Aadorf,114,22.12.11
Niederneunforn,114.1,13.09.12
Thun,114.3,25.06.15
Thun,114.3,25.06.15
Freidorf,114.4,14.09.12
S. Antonino,114.5,29.09.15
Detligen,114.6,29.11.13
Tschugg,114.7,06.09.11
Neftenbach,114.8,09.01.15
Lyssach,114.8,30.12.11
Opfikon,114.9,27.01.12
Oberhallau,115.1,19.10.11
Vuisternens-en-Ogoz,115.1,04.01.11
Trubschachen,115.1,01.05.10
Sursee,115.2,10.02.15
Luven,115.2,25.09.15
Sarn,115.3,09.09.15
Mitlödi,115.4,27.03.15
Plaffeien,115.8,04.09.12
Rheinfelden,116,31.03.10
Sarnen,116,28.06.12
Däniken,116.1,24.11.11
Dizy,116.2,28.08.12
Flawil,116.2,01.03.10
Steffisburg,116.3,19.07.13
Neuheim,116.5,20.12.13
Braunau,116.5,04.07.12
Alchenstorf,116.6,12.11.12
Puidoux,116.6,18.12.12
Kallern,116.7,17.03.08
Buch bei Märwil,116.7,21.03.16
Zug,116.8,05.02.15
Zug,116.8,05.02.15
Buttisholz,116.9,27.09.13
Zimmerwald,117,27.03.09
Giswil,117.5,29.09.16
Hagenbuch,117.5,07.11.14
Kirchberg,117.6,10.08.11
Niederrohrdorf,117.7,24.03.16
Grandevent,117.8,07.09.12
Degersheim,118,13.09.11
Benken,118,05.03.15
Froideville,118,20.09.12
Gossau,118.1,28.02.12
Winikon,118.3,11.10.13
Otelfingen,118.3,23.12.11
Sursee,118.6,10.02.15
Ruswil,118.7,18.02.14
Thörigen,118.8,01.07.15
Schnottwil,118.8,28.09.12
Wichtrach,119,04.09.12
Gais,119,18.09.12
Fleurier,119.1,15.12.11
Langenthal,119.1,23.12.13
Aeschi bei Spiez,119.1,24.09.16
Appenzell,119.3,09.11.12
Luzern,119.5,02.02.09
Furna,119.6,27.01.15
Tuggen,119.6,09.02.15
Liestal,119.6,18.12.13
Eichberg,119.6,28.06.16
Wangen b. Dübendorf,119.6,21.09.12
Seon,119.7,11.03.09
Muri,119.7,28.09.17
Disentis/Mustér,119.7,29.01.09
Esslingen,119.8,14.04.10
Diegten,120,07.10.08
Niederwangen,120,12.12.12
Krummenau,120.1,19.05.14
Corcelles-près-Payerne,120.1,04.07.13
Subingen,120.1,31.03.16
Hochdorf,120.3,26.05.11
Hochdorf,120.3,26.05.11
Ettiswil,120.4,20.12.11
Uzwil,120.6,11.09.12
Savognin,120.6,29.10.13
Laupersdorf,120.7,02.09.15
Spreitenbach,120.8,15.12.11
Meierskappel,121,23.12.13
Aesch,121.2,30.11.11
Chur,121.4,24.10.14
Monthey,121.5,13.07.12
Horn,121.9,17.08.15
Altnau,122,14.05.12
Rossrüti,122.1,09.01.15
Waltensburg,122.1,27.07.10
Utzenstorf,122.1,19.12.14
Unterwasser,122.2,23.12.11
Stoos,122.2,05.12.13
Unterstammheim,122.4,22.09.11
Attiswil,122.6,23.12.11
Escholzmatt,122.7,25.09.15
Siviriez,122.7,24.03.16
Chessel,122.8,22.12.11
Melide,122.9,02.08.08
Fällanden,123.2,24.09.12
Frick,123.4,21.09.12
Homburg,123.4,09.11.09
Alberswil,123.4,26.06.17
Samstagern,123.6,14.11.08
Tägerwilen,123.7,28.11.13
Bussigny,123.8,12.03.14
Unterlunkhofen,123.8,13.04.12
Rümlang,124,02.09.13
Lienz Plona,124,06.05.09
Satigny,124,19.05.11
Arconciel,124.1,27.12.12
Ried-Mörel,124.2,23.12.11
Busswil bei Melchnau,124.2,23.12.11
Grafenried,124.3,19.12.11
Rizenbach,124.4,22.12.11
Untersiggenthal,124.7,30.11.11
Menznau,124.8,03.10.14
Gisikon,124.8,21.12.12
Oberarth,124.9,29.09.12
Balgach,125,26.03.15
Kottwil,125.1,31.03.15
Habschwanden,125.6,26.03.15
Esslingen,125.6,19.12.13
Basel,125.6,09.11.10
Andwil,125.7,17.11.11
Niederglatt,125.8,28.04.08
Brügglen,125.9,31.03.16
Oberscherli,125.9,23.12.11
Frauenfeld,126,03.07.14
Obernau,126,15.11.12
Lyssach,126,17.09.14
Oberentfelden,126,24.03.16
Bözen,126,17.08.16
Kägiswil,126.2,28.06.17
Gommiswald,126.3,28.09.17
Ruswil,126.4,05.11.08
Paspels,126.4,01.01.09
Ermensee,126.4,16.12.11
Boussens,126.4,17.07.12
Plan-Les-Ouates,126.4,02.12.11
Edlibach,126.5,14.07.15
Vella,126.8,27.11.10
Lengnau,126.9,23.12.13
Yvorne,127.2,17.12.12
Hettiswil,127.2,31.10.11
Bergdietikon,127.3,16.12.10
Altdorf,127.3,28.10.08
Egolzwil,127.4,27.03.15
Sonvilier,127.5,04.07.13
Wängi,127.6,30.12.12
Neukirch (Egnach),127.7,12.03.15
Schönenbuch,127.7,01.12.11
Kerns,127.7,15.09.11
Uhwiesen,128,10.12.11
Oetwil,128,24.09.15
Mühlau,128.1,25.09.15
Kägiswil,128.3,30.09.16
Schmitten,128.3,24.03.15
Scheid,128.7,28.09.12
Dizy,128.8,15.03.16
Altstätten,129,27.09.16
Lyss,129,25.10.13
Kägiswil,129.2,21.12.11
Willisau,129.2,31.03.15
Balsthal,129.3,30.09.16
Schnaus,129.4,11.08.09
Collonges,129.8,13.03.15
Bazenheid,130,21.11.13
Benken,130,28.10.14
Gränichen,130.1,29.03.15
Yverdon-les-Bains,130.1,21.12.12
Eschenbach,130.1,30.03.15
Raperswilen,130.3,29.07.11
Bonstetten,130.3,17.09.14
Bettwiesen,130.4,17.04.14
Lajoux,130.5,20.10.11
Edlibach,130.7,02.07.14
Le Noirmont,130.8,16.12.13
Rickenbach,130.8,01.06.08
Cottens,130.8,20.12.12
Meltingen,130.8,07.03.12
Bubikon,130.9,12.01.15
Steinmaur,131,28.12.11
Bätterkinden,131,24.09.15
Rüfenach,131.1,18.09.15
Otelfingen,131.4,21.12.11
Weggis,131.6,25.03.15
Granges-prés-Marnad,131.6,18.12.13
Rodersdorf,131.8,24.12.11
Hirzel,131.8,27.03.15
Schwyz,131.8,25.06.13
Buttisholz,131.9,20.03.10
Penthaz,132.2,07.09.16
Schachen,132.3,28.03.13
Baar,132.3,27.03.15
Kölliken,132.5,22.12.11
Bretzwil,132.6,27.03.15
Ottoberg,132.8,13.08.15
Langenthal,132.8,16.12.13
Henggart,132.8,31.12.11
Château-d'Oex,132.8,10.12.10
Rüttenen,133,20.12.11
Schötz,133,14.10.11
Buchberg,133.2,30.11.11
Müllheim,134.1,20.12.13
Eyholz-Visp,134.1,02.09.16
Säriswil,134.3,25.06.15
Rothenthurm,134.4,19.11.13
Ocourt,134.4,24.06.15
Orzens,134.6,07.12.12
Frauenfeld,134.7,10.02.15
Hagendorn,134.7,22.03.16
Rüttenen,134.9,28.12.11
Staffelbach,135.2,20.12.10
Kerns,135.2,19.12.13
Limpach,135.3,25.09.12
Wildegg,135.4,12.12.11
Lömmenschwil,135.6,20.12.13
Buochs,136.1,26.09.12
Ruppoldsried,136.5,22.05.12
Hörhausen,136.7,19.12.13
Sempach,136.7,28.09.16
Domat/Ems,136.8,11.11.11
Seewen,136.9,13.03.15
Schneisingen,137,24.08.15
Pratteln,137,14.12.11
Huttwil,137.9,30.03.15
Pensier,138,20.12.13
Gränichen,138,25.07.11
Walzenhausen,138.1,01.11.13
Bächli,138.3,13.12.13
Meikirch,138.6,25.11.13
Rances,138.7,20.12.13
Vétroz,138.8,27.08.12
Samstagern,138.8,16.12.13
Pratteln,139.1,25.09.15
Reng,139.1,16.12.11
Lyss,139.4,26.09.12
Les Ponts-de-Martel,139.5,25.08.11
Ueberstorf,139.9,27.12.13
Rosshäusern,139.9,10.03.11
Homburg,140,02.01.15
Rodersdorf,140.1,12.12.13
Basel,140.2,23.10.11
Fislisbach,140.2,28.02.12
Hinwil,140.3,18.03.15
Ropraz,140.4,30.09.15
Moosseedorf,140.4,30.08.11
Frieswil,140.4,28.11.11
Sarnen,140.7,31.08.10
Knutwil,140.7,27.09.13
Alterswilen,140.8,22.09.11
Sevelen,141,24.05.13
Weesen,141.1,18.07.11
Grenchen,141.1,14.02.12
Baden,141.1,23.03.12
Obernau,141.8,12.03.09
Illnau,141.8,20.12.12
Wädenswil,142.2,16.08.11
Le Noirmont,142.5,16.12.13
Sevelen,142.7,29.09.11
Schönenberg,142.8,19.12.13
Neudorf,143,05.11.07
Appenzell,143.1,31.08.16
Hofstetten,143.3,15.12.11
Selzach,143.3,24.12.10
Lichtensteig,143.4,21.06.16
Buch am Irchel,143.5,29.11.11
Hinterforst,143.6,22.12.11
Steinhausen,143.8,03.09.15
Würenlingen,143.9,20.12.13
Hagenbuch,144,01.09.08
Schwyz,144,03.11.11
Weite,144,27.09.12
Affeltrangen,144.5,22.01.15
Kallern,144.5,04.03.15
Gland,145,18.02.10
Wagerswil,145.3,19.12.13
Berikon,145.4,12.03.15
Tägerwilen,145.6,28.06.13
Hagenbuch,145.8,16.10.14
Roche,145.8,02.11.11
Unterramsern,146,29.12.11
Willisau,146.1,02.09.14
Niederwil,146.2,17.09.15
Châtonnaye,146.2,17.06.11
Gwatt,146.3,15.11.13
Cugy,146.9,13.08.12
Schwyz,147.2,18.12.12
Langnau,147.4,02.01.09
Kriens,147.4,27.11.12
Azmoos,147.4,11.03.15
Bettlach,147.6,20.12.11
Wettingen,147.7,16.11.12
Basel,147.8,02.09.10
Lichtensteig,147.9,18.08.16
Aeugst,148.5,26.03.15
Klingnau,148.5,28.02.12
Bazenheid,148.6,11.11.10
Grandson,148.7,26.05.09
Stalden,148.7,11.08.09
Wolhusen,149,13.09.12
Wilchingen,149.1,01.11.11
Brütten,149.2,12.07.12
Roggwil,149.3,21.09.11
Niederhasli,149.3,19.09.16
Steffisburg,149.5,21.07.12
Trubschachen,149.5,22.06.16
Rickenbach,150.2,23.03.15
Biberist,150.2,18.06.13
Esslingen,150.2,18.12.13
Wangen,150.3,19.09.12
Grafenried,150.4,22.12.11
Uffikon,151.5,03.08.12
Vesin,151.6,05.12.11
Echallens,151.7,15.10.13
Echallens,151.7,15.10.13
Villeret,152.2,25.03.15
Tatroz,152.5,25.06.13
Kirchlindach,152.6,29.06.15
Rickenbach,152.6,20.03.15
Moudon,152.7,10.10.08
Alpnach Dorf,152.8,25.06.13
Villarsel-le-Gibloux,152.9,22.12.11
Altstätten,152.9,26.09.16
Steffisburg,153.6,22.02.12
Miécourt,153.9,31.07.12
Steinen,153.9,08.03.15
Winterberg,154.6,03.10.11
Benzenschwil,154.8,23.11.11
Wittenbach,154.9,16.12.11
Steinmaur,154.9,02.12.11
Langenthal,155,18.12.13
Tägerwilen,155,24.03.15
Turbach,155,07.12.12
Adlikon,155.5,05.11.14
Amriswil,155.5,20.03.15
Zizers,155.5,26.03.15
Thun,155.6,07.11.14
Castione,155.6,24.12.13
Frauenfeld,155.7,19.09.12
Harenwilen,155.7,16.12.13
Manno,155.8,16.12.12
Wattenwil,155.8,01.08.12
Muraz (Collombey),155.9,12.12.11
Schweizersholz,156.1,02.10.13
Niederscherli,156.5,30.09.10
Riazzino,156.6,20.12.13
Schwarzenburg,156.7,19.12.13
Puidoux,156.8,21.09.12
St-Brais,156.9,31.03.15
Corgemont,157.2,30.06.12
Engelburg,157.3,05.02.10
Knonau,157.4,19.12.13
Ennetmoos,157.5,26.09.12
Horw,158,06.10.10
Ruswil,158.1,16.11.09
Untersiggenthal,158.3,18.12.13
Dübendorf,158.8,09.06.16
Vérossaz,159.1,04.05.12
Eschenbach,159.3,12.12.13
Ruswil,159.4,11.08.08
Gempen,159.5,22.08.12
Oberegg,160.2,31.03.16
Bonvillars,160.4,04.07.13
Seon,160.6,29.09.15
Sumiswald,160.6,20.12.10
Trüllikon,160.7,20.12.12
Grenchen,160.7,27.12.11
Oberwil,160.8,29.08.08
Seengen,160.8,30.05.13
Baldegg,161,23.03.16
Bissegg,161,15.12.11
Bronschhofen,161.3,27.09.16
Kirchlindach,161.5,20.12.13
Monible,161.7,14.12.11
Limpach,161.8,25.09.12
Kerns,161.9,30.03.16
Zug,162,31.03.16
Aarwangen,162.1,21.04.13
Madiswil,162.2,18.12.13
Baldegg,162.2,23.03.15
Kulmerau,162.2,07.12.12
Vuarrens,162.2,23.07.13
Aubonne,162.5,23.12.11
Oberkulm,162.6,27.12.13
Oberegg,162.8,02.12.08
Delémont,163.1,28.09.16
Malters,163.1,15.08.08
Tägerschen,163.4,07.03.16
Treytorrens,163.8,22.12.14
Eschlikon,163.9,27.03.15
Wernetshausen,164,14.12.11
Rudolfingen,164,14.11.11
Monthey,164,04.08.12
Oekingen,164.2,23.03.17
Le Cerneux-Veusil,164.4,01.10.11
Bannwil,164.6,29.08.13
Birr,164.7,29.09.12
Müstair,165,31.03.15
Zweisimmen,165,13.12.11
Waldkirch,165.3,17.04.12
Schmerikon,165.4,20.10.16
Vals,165.4,30.06.16
Wolfhausen,165.4,22.09.11
Kestenholz,165.4,28.09.12
Menzingen,165.6,06.07.13
Obergoldbach,165.6,08.01.15
Sins,165.7,11.06.10
Hagenwil bei Amriswil,165.9,26.06.08
Oberstammheim,166.1,10.11.10
Etzelkofen,166.3,21.12.12
Kulmerau,166.6,18.12.09
Oberglatt,166.6,30.09.15
Wilen-Gottshaus,166.6,27.04.15
Moosseedorf,167,20.10.11
Gunzwil,167.1,17.12.10
Muri,167.2,14.01.15
Giswil,167.2,13.08.15
Jonschwil,167.3,27.09.12
Wohlen,167.4,21.09.15
Savigny,167.7,18.12.13
Savigny,167.7,18.12.13
Bannwil,168,23.12.13
Stans,168.1,06.06.12
Gonten,168.2,14.12.16
Rodels,168.5,19.12.13
Pratteln,168.8,09.12.09
Thayngen,168.8,20.12.13
Hergiswil,168.9,26.09.12
Trélex,169,27.12.13
Belpberg,169,10.03.15
Grafenried,169.1,08.10.13
Buch,169.1,06.07.12
Bözberg,169.2,21.06.12
Kägiswil,169.3,29.01.15
Wettswil,169.4,02.01.15
Noréaz,169.5,19.12.11
Sempach,169.5,06.09.11
Messen,169.6,16.09.10
Hedingen,169.7,04.08.14
Wängi,169.8,20.12.13
Niederbipp,169.8,06.10.15
Flüeli-Ranft,170,24.09.15
Epauvillers,170.2,06.09.12
Ebnat-Kappel,170.6,17.12.10
Gossau,171.4,25.10.11
Menznau,171.6,07.03.14
Emmen,171.6,12.04.11
St. Ursen,171.6,29.09.15
Oetwil a. d. Limmat,171.7,29.11.13
Peseux,171.8,27.12.11
Sissach,172,15.09.11
Sissach,172,15.09.11
Waltenschwil,172.8,19.12.13
Mörschwil,173.2,08.11.11
Aigle,173.4,19.08.08
Waltenschwil,173.5,22.03.16
Lenzerheide,173.6,16.06.11
St-Légier-La Chiésaz,173.8,21.12.12
Fenkrieden,173.9,30.09.15
Knonau,174,15.12.11
Thun,174.4,15.07.12
Bettwil,174.5,18.10.11
Gonten,174.6,13.09.11
Steinmaur,174.7,23.02.12
St.Ursanne,174.7,27.08.12
Berg,174.7,05.01.15
Buttisholz,175.4,31.10.14
Provence,175.8,22.12.14
Ruswil,176.4,28.10.13
Hasle,176.5,24.03.16
Teufen,176.5,24.09.15
Sachseln,177.1,06.12.13
Engwilen,177.2,26.01.17
Wolfertswil,177.4,09.08.11
Dussnang,177.4,25.11.13
Buch,177.6,19.06.12
Schupfart,177.7,23.12.11
Wilihof,177.9,23.12.11
Kiesen,178.3,13.03.09
Rüfenach,178.3,20.12.11
Andelfingen,178.4,12.12.08
Oberwangen,178.4,19.12.13
Ettiswil,178.7,25.05.12
Pfäffikon ZH,179.3,27.02.12
Buch bei Märwil,179.3,09.01.15
Horn,179.4,23.03.16
Otelfingen,179.8,19.09.14
Erlach,180,18.11.11
Oberdiessbach,180.6,04.12.14
Lupfig,181,18.12.13
Moudon,181,07.10.11
Luven,181.4,28.02.12
Bülach,181.7,30.11.11
Erlinsbach,182,17.11.10
Neuheim,182.1,20.12.13
Wildensbuch,182.3,12.01.15
Mauensee,182.3,03.12.09
Hohenrain,182.3,15.09.14
Jegenstorf,182.5,17.06.13
Rickenbach,182.7,02.01.15
Niederwil,183.6,28.06.15
Erlach,183.7,24.05.12
Schönholzerswilen,184,27.03.15
Sevelen,184.1,29.09.15
Wauwil,184.3,09.01.15
Seon,185.6,07.09.12
Mauren,185.6,08.01.15
Niederbüren,185.9,04.12.13
Bourrignon,186.7,21.12.11
Wilihof,186.8,04.09.15
Widnau,187.2,30.12.11
Buchs,187.2,12.12.07
Landquart,187.2,12.12.13
Bremgarten,187.9,21.11.13
Wädenswil,188.2,13.06.13
Rotkreuz,188.2,20.12.12
Rheinklingen,189.2,20.11.12
Altikon,189.4,21.12.11
Dintikon,189.6,28.12.11
Malans,189.8,24.09.14
Zürich,190.1,19.05.16
Jaun,190.6,19.12.12
Posieux,190.6,25.07.12
Wittenbach,190.6,22.12.11
Thierrens,191.1,27.09.12
Sigigen,191.2,20.08.12
Lenzburg,191.3,24.08.12
Herrenhof,191.8,06.12.13
Réchy,192,27.09.12
Le Pâquier,192.3,11.11.11
Cossonay,192.3,27.12.13
Appenzell,192.7,11.07.14
Tuggen,192.7,07.12.11
Fischingen,192.8,05.07.11
Emmenbrücke,192.9,31.10.14
Auw,193.6,20.08.12
Pailly,194.1,18.12.13
Dussnang,194.7,31.03.15
Waltenschwil,195,27.12.11
Merenschwand,195,30.06.17
Hildisrieden,195.1,08.04.09
Weinfelden,195.4,18.07.12
Uettligen,195.4,09.12.11
Sion,195.5,16.09.13
Châtel-St.-Denis,195.6,20.08.12
Ebikon,195.8,28.11.14
Oensingen,195.8,18.12.12
Bettlach,196,21.03.17
Le Noirmont,196.1,13.03.14
Steckborn,196.2,14.12.11
Winterthur,196.5,27.07.12
Oschwand,196.7,16.11.11
Fischenthal,196.9,05.10.11
Wohlenschwil,197.4,27.08.08
Winterthur,197.5,31.07.12
Tägertschi,197.8,24.06.09
Kiesen,197.9,07.05.09
Effretikon,198,17.02.12
Grosswangen,198.4,27.02.15
Gunzwil,198.5,23.08.12
Lanzenhäusern,199.6,01.10.11
Waldkirch,199.7,13.12.16
St. Ursen,199.7,16.09.11
Domat/Ems,200,02.10.13
Ecuvillens,200,29.02.12
Villars-le-Grand,200,31.03.15
Düdingen,200,21.12.11
Grosswangen,200.2,24.09.12
Dürrenroth,200.3,10.03.15
Härkingen,200.4,07.12.11
Vaulion,200.6,02.10.12
Ebikon,200.7,09.12.14
Rheinfelden,200.7,24.08.12
Romainmôtier,200.8,17.12.13
Münchenbuchsee,200.9,31.03.15
Mühlethurnen,201,27.02.12
Luthern,201.1,26.03.15
Nussbaumen,201.4,24.02.12
Horw,201.5,19.12.12
Unterstammheim,202.1,13.11.13
Sachseln,202.2,12.03.09
Windisch,202.5,19.09.12
Hessigkofen,202.6,12.11.08
Menzingen,202.8,02.01.15
Lengnau,202.8,11.03.15
Niederbüren,202.8,18.09.12
Rütihof,203,23.06.17
Aigle,203.3,19.08.16
Jonschwil,203.6,01.12.11
Liestal,203.6,30.09.11
Bachenbülach,203.7,06.09.12
Villars-Sainte-Croix,204,24.12.13
Buttisholz,204.1,09.08.16
Friltschen,204.1,20.12.13
Ebnet,204.4,16.11.11
Zug,204.4,18.08.10
Buchs,204.5,02.05.13
St. Légier,204.8,29.09.10
Heiden,205,06.02.12
Thusis,205.9,15.12.16
Jonen,205.9,25.09.15
Eschenbach,206.8,27.02.16
Oberwil-Lieli,208.6,03.03.16
Waltenschwil,209,30.03.16
Nunningen,209.9,24.09.12
Enggistein,210,21.12.12
Neu St. Johann,210,09.10.16
Chur,210.1,12.12.13
Niederbipp,210.3,21.12.13
Villars-Sainte-Croix,211.1,25.11.14
Rain,211.6,12.05.12
Raron,212.2,18.12.13
Egg,212.2,23.03.16
Emmenbrücke,212.3,10.09.15
Alvaneu-Dorf,213.2,30.03.16
Charmoille,213.2,26.12.13
Merenschwand,213.3,25.09.15
Oberriet,213.6,14.12.13
Hasle b. Burgdorf,214.2,21.12.13
Henggart,214.3,23.12.11
Thierrens,215,24.12.11
Lausanne,215,15.12.11
Balterswil,215.7,18.07.13
Zielebach,215.8,31.12.10
Dagmersellen,216,26.08.09
Crans-près-Céligny,216,19.12.13
Rorschach,216.2,27.09.12
Ossingen,217.4,01.12.11
Neukirch,217.6,16.09.13
Embrach,217.8,20.09.12
Hinwil,217.9,20.02.12
Hinwil,217.9,20.02.12
Hindelbank,218,27.12.10
Embrach,218.1,25.10.13
Les Monts de Pully,218.2,19.12.13
Emmenbrücke,218.9,23.12.13
Henniez,219.3,10.12.13
Trin Mulin,219.4,30.03.16
Meltingen,219.4,19.12.12
Bex,219.5,01.10.10
Langrickenbach,219.8,17.03.16
Le Noirmont,220,17.07.12
Berken,220.2,25.09.15
Niederbüren,220.2,28.06.16
Aristau,220.6,24.02.15
Steffisburg,220.8,29.06.15
Walliswil bei Wangen,221.2,03.10.12
Wilihof,221.2,06.01.15
Steinach,223.3,18.12.12
Muolen,223.4,31.03.17
Gossau,223.6,27.09.16
Menzingen,224.1,01.01.15
Landquart,224.1,30.09.15
Langendorf,224.6,25.07.13
Forel-Lavaux,225.1,09.02.15
Sirnach,225.7,29.09.12
Brig-Glis,225.8,28.11.11
Jonschwil,226.7,10.07.13
Pratteln,226.8,28.03.15
Mauensee,228,14.11.12
Schleitheim,228.3,09.03.15
Dottikon,228.5,09.05.12
Maienfeld,229,30.03.15
Triengen,229.2,12.10.11
Satigny,229.2,16.12.11
Reichenburg,230,23.02.12
Neukirch-Egnach,230,20.12.13
Kleinwangen,230,17.10.11
Winterthur,230.3,15.09.10
Rafz,230.3,12.07.12
Olten,230.4,29.03.16
Le Cerneux-Péquignot,230.6,30.09.15
Lyss,230.9,08.03.16
Mettmenstetten,231.4,31.03.16
Hinterforst,231.4,28.09.12
St. Ursen,231.5,20.12.11
Ruswil,231.5,06.07.11
Fischingen,232.1,08.01.16
Unterseen,233,11.12.13
Willisau,233.2,27.12.13
Villigen,233.3,23.12.11
Schaffhausen,233.5,22.09.13
Ebikon,234.5,12.12.13
Baden-Dättwil,235.6,30.03.15
Einsiedeln,236.3,05.07.11
Rüeggisberg,236.3,14.10.14
Näfels,236.8,24.03.15
Tuggen,236.9,27.12.13
Konolfingen,237.3,30.11.13
Hohenrain,237.8,27.03.15
Altbüron,238,24.02.12
Büsserach,238.4,25.04.10
Gunzwil,238.5,17.03.17
Gunzwil,238.5,17.03.17
Huttwil,239.2,23.12.13
Etoy,239.9,26.12.12
Beromünster,240.6,09.07.16
Sempach,241,13.09.12
Ramsei,241.3,17.12.12
Reitnau,241.5,28.11.13
Missy,243.3,25.09.12
Vevey,243.5,11.12.13
Amlikon-Bissegg,244,05.11.10
Escholzmatt,244.2,16.12.11
Bütschwil,244.2,25.11.10
Fulenbach,244.6,01.07.13
Naters,244.8,22.12.11
Lengnau,245.3,01.11.13
Bossonnens,245.4,05.12.12
Eschenbach,245.4,06.03.15
Oberriet,245.9,02.01.09
Eich,245.9,13.12.13
Yvonand,246,12.07.13
Neuhaus,246.5,24.03.15
Auw,246.5,25.04.12
Berolle,246.7,30.08.12
Schaffhausen,247.5,01.11.10
Düdingen,247.8,05.12.11
Bex,247.8,21.12.12
Grüsch,248,09.02.16
Sargans,248.1,20.09.11
Reichenburg,248.2,28.03.15
Rafz,248.2,23.12.10
Wauwil,248.4,20.12.13
Weinfelden,248.7,27.10.11
Brig-Glis,249.3,12.09.12
Geuensee,249.6,14.09.11
Luzern,249.6,20.02.15
Olten,249.9,27.09.12
Kestenholz,250,27.12.11
Küssnacht am Rigi,250.4,14.12.11
Füllinsdorf,251.2,09.12.14
Sigigen,251.4,17.08.12
Mendrisio,251.6,11.09.12
Zug,251.7,12.12.12
Lienz,252.5,21.12.16
Lienz,252.5,21.12.16
Boswil,253.1,22.12.11
Zunzgen,253.2,23.12.13
Sempach Station,253.2,28.03.15
Cortébert,253.3,10.03.15
Zürich,253.5,21.12.12
Trimmis,254.8,04.07.14
Lengnau,255.8,07.01.15
Sattel,255.8,27.09.16
Neukirch,255.9,27.02.17
Zweisimmen,256,05.06.12
Cronay,256.4,11.12.12
Oberwil,256.8,10.06.14
Rickenbach,258,20.12.11
Hellbühl,258.1,03.06.11
Münchenstein,258.2,08.11.11
Schüpfheim,258.6,27.03.15
Urtenen-Schönbühl,259,24.09.12
Arlesheim,259.2,17.10.11
Sevelen,260,19.12.13
Amlikon-Bissegg,260.7,06.01.15
Flawil,260.7,13.09.10
Bern,260.9,14.11.13
Subingen,261.9,09.12.08
Diepoldsau,261.9,18.12.13
Benken,262.8,04.10.11
Untersiggenthal,263.4,21.12.10
Altbüron,263.4,14.08.08
Diepoldsau,263.6,10.10.13
Seedorf,265.3,11.07.12
Eschenbach,265.7,28.08.15
Alpnach Dorf,266.8,25.06.13
Autigny,266.8,25.06.13
Winkel,268.7,22.09.15
Rhäzüns,268.7,12.12.14
Yverdon,270,21.12.11
Boncourt,270.3,15.12.11
Kirchberg,270.3,23.12.13
Carouge,270.4,20.04.06
Kesswil,270.7,19.03.15
Langenthal,270.7,21.12.12
Watt,271.3,15.11.13
Untervaz,271.6,31.03.15
Wattwil,272,05.03.15
Lamboing,272.6,16.12.10
Selzach,273.2,31.12.13
Les Breuleux,273.6,19.09.14
Widnau,274,23.06.16
Widnau,274,23.06.16
Braunau,274.4,24.03.15
Bourrignon,275.2,17.08.12
Düdingen,275.7,07.12.11
Dottikon,276.6,31.03.16
Gümmenen,276.8,12.12.13
Walterswil,276.9,07.12.11
Gwatt,278.2,19.12.13
Rossens,278.6,05.09.16
Amriswil,279.5,13.10.14
Biglen,280,18.09.12
Auw,280,23.03.15
Genolier,280.4,20.12.13
Neuenkirch,280.7,07.11.13
Grossdietwil,280.9,09.04.08
Diessenhofen,281.3,13.11.13
Zug,282.1,28.09.12
Worb,282.4,10.12.15
Wattwil,282.4,01.10.14
Ammerswil,284,07.04.14
Schenkon,284.6,31.08.12
Praratoud,285,05.07.12
Landquart,285.1,31.03.15
Amlikon-Bissegg,285.8,20.12.13
Gossau,287.3,22.09.11
Märstetten,287.9,20.06.16
Chavornay,288,22.11.11
Mauren,290,30.03.15
Unterbözberg,290.3,19.12.11
Wangen,290.4,20.02.15
Erlinsbach,290.6,16.03.15
Puidoux,291.5,20.12.12
Wilen-Gottshaus,292,19.12.13
Oberriet,292.7,15.09.09
Weesen,293,07.01.15
Effretikon,293.4,16.09.15
Ernetschwil,294.5,15.08.11
Balsthal,295,30.09.16
Gunzwil,295.5,27.09.16
Veltheim,296.2,24.03.16
Schaffhausen,297.4,28.02.12
Hohenrain,297.4,11.10.14
Kaltbrunn,297.8,14.12.12
Cournillens,298.4,24.08.12
Aetigkofen,298.8,22.12.10
Rüdtligen,299.2,14.01.15
Lyssach,300,08.07.11
Thun,300,30.06.16
Busslingen,300.2,23.12.13
Oberburg b. Burgdorf,300.3,03.11.14
Lienz,301.2,06.07.11
Hausen am Albis,301.7,10.09.14
Fischbach-Göslikon,301.9,25.09.15
Gossau,302.2,29.08.11
Albligen,302.6,30.03.15
Wünnewil,302.7,20.12.13
Liestal,303,24.09.13
Oberbüren,304.5,09.09.16
Sissach,305.6,24.12.12
Kottwil,305.9,21.06.13
Cham,307.2,29.09.17
Niederbipp,309.5,28.09.12
Seewen,310,27.02.12
Grosswangen,311.1,27.02.12
Leibstadt,311.6,27.09.12
Tolochenaz,311.8,14.12.11
Bösingen,312.1,17.12.13
Visp,313.3,18.04.16
Unterlunkhofen,315.1,29.08.14
Obermumpf,315.2,12.03.15
Neudorf,316.4,04.07.15
Otelfingen,317.5,01.07.10
Bussigny-près-Lausanne,317.5,27.12.12
Hünenberg,318.1,27.03.15
Estavannens,318.6,07.07.10
Sevgein,318.8,27.03.15
Sevgein,318.8,27.03.15
Uster,319.8,10.12.13
Sihlbrugg,320.2,25.09.15
Villars-le-Terroir,320.3,30.12.13
Villars-le-Terroir,320.3,30.12.13
Gelfingen,321.6,15.06.09
Granges-Près-Marnand,321.8,22.12.11
Les Acacias,322.2,01.07.10
Benken,322.5,28.03.15
Henniez,323,10.12.13
Ruswil,325.5,26.11.10
Steckborn,325.5,23.03.16
Niederglatt,325.7,13.03.17
Küssnacht am Rigi,326.4,21.12.14
Märstetten,326.9,22.09.15
Hohenrain,327.5,30.09.15
Grancia,330.5,25.06.13
Hüswil,332.3,28.09.12
Kägiswil,332.5,24.09.12
Bronschhofen,333.8,10.08.12
Wängi,334.6,27.03.15
Erlenbach,335.7,24.12.13
Opfershofen,336,11.06.14
Murist,336.9,21.12.12
Ettingen,337.4,22.12.11
Maienfeld,337.4,23.12.10
Malters,340.2,26.09.17
Luzern,340.6,10.02.15
Wiedlisbach,341.9,18.12.13
Bargen,342,18.10.10
Gals,342.8,07.05.10
Goldach,343.8,12.12.11
Grosswangen,344,22.07.15
Susten,345.1,27.09.17
Büsserach,345.3,14.06.10
Rohrbach,346.3,23.12.13
La Rippe,346.3,31.03.16
Buttisholz,346.8,30.07.15
Le Noirmont,347.5,12.12.13
Zezikon,347.7,27.07.09
Mörschwil,348.9,13.12.11
Tägerwilen,349.1,23.12.11
Hinwil,351,24.12.12
Remetschwil,352.3,09.12.11
Zizers,353.5,30.12.10
Basel,355.5,07.05.10
Dietikon,356.4,07.12.10
Lenggenwil,357.3,15.01.15
Dänikon,358.5,21.12.12
Lausanne,359.1,09.12.13
Liestal,359.2,20.06.11
Klingnau,359.3,30.03.15
Satigny,360,22.12.11
Merenschwand,361.9,22.03.16
Turtmann,362.8,16.12.13
Wattwil,365,26.02.15
Knonau,366.1,11.12.09
Wiesendangen,366.5,10.09.09
Laupersdorf,367.2,01.12.11
Knutwil,369.2,30.03.15
Worb SBB,369.6,01.12.10
Hofstatt,369.6,31.03.16
Wallisellen,370.1,29.11.11
Elsau,370.2,17.12.13
Beromünster,370.5,12.11.10
Volketswil,372.1,05.12.13
Herdern,373,26.09.17
Dagmersellen,374,08.08.12
Buttisholz,374.6,24.08.11
Uetendorf,374.9,25.06.15
Vaux-sur-Morges,375,20.12.12
Ernetschwil,375.7,05.11.12
Altishofen,376.2,20.12.13
Bischofszell,376.2,30.09.15
Prez-vers-Noréaz,378,12.09.12
Laupersdorf,378.7,04.09.12
Aarwangen,380.2,15.12.11
Selzach,380.5,10.04.15
Neuenkirch,380.9,18.07.14
Wattwil,383.8,30.03.15
Steg,383.8,23.12.11
Roggwil,386.1,09.10.14
Merenschwand,386.2,26.09.16
Roggwil,387,11.08.15
Schleitheim,387.5,13.03.15
Cressier,391.1,16.01.15
Langenthal,392.5,23.06.10
Langenthal,392.5,23.06.10
Essertines-sur-Yverdon,393.4,06.12.13
Essertines-sur-Yverdon,393.4,06.12.13
Agasul,395.6,28.02.17
Bonaduz,396.3,08.12.14
Deitingen,396.9,02.05.12
Birsfelden,397.3,01.12.13
Neudorf,398.8,03.03.15
Kleinwangen,398.8,18.09.15
Alpnach Dorf,401.8,05.06.13
Thun,401.8,28.09.11
Domat/Ems,401.9,28.09.12
Bettwil,404.3,18.12.12
Appenzell,406,21.12.12
Zug,408.5,20.09.12
Payerne,409.9,14.09.16
Dürrenroth,410.1,19.08.15
Wileroltigen,410.8,19.12.13
Reichenbach,411.2,01.11.08
Winden,411.5,25.03.13
Satigny,413,16.12.11
Gossau,415.4,27.11.08
Lustdorf,415.5,30.03.15
Knonau,416.9,30.09.16
Thun,417.6,15.12.11
Sommentier,420.7,31.07.12
Uetendorf,422.7,01.11.11
Ittigen,428.6,14.04.10
Valangin,429.5,31.03.16
Salavaux,430.8,29.11.13
Martigny,432.1,28.12.11
Noréaz,434,20.12.11
Saignelegier,435.6,21.12.12
Niederbipp,436.3,05.11.13
Ruswil,436.4,20.07.12
Gondiswil,437.5,25.09.12
Konolfingen,438.7,18.12.14
Studen,444.9,20.12.13
Deitingen,445.3,30.04.10
Rossens,446.8,11.04.13
Walperswil,447.5,09.12.11
Benken,450,27.11.13
Muttenz,452,20.12.10
Gwatt,452.4,06.12.13
Dietlikon,452.4,25.03.15
Gollion,453.2,24.03.16
Sarnen,458.6,23.03.17
Münchenbuchsee,459,22.04.14
Hünenberg,462.6,15.12.11
Buchs,463.6,31.03.15
Rifferswil,470.1,29.03.16
Porrentruy,473,24.03.16
Charmoille,476.4,28.09.12
Wängi,477.8,31.10.12
Chur,480.7,21.11.13
Sursee,485.3,30.03.16
Horn,487.2,18.09.15
Waldstatt,495.5,26.09.12
Schleitheim,496.2,19.12.13
Donatyre,496.9,28.09.12
Semsales,497.3,26.09.16
Busswil b. Büren,498.4,12.08.16
Kägiswil,499.3,10.12.13
Hittnau,509.8,18.08.15
Heerbrugg,511.8,22.08.12
Herrliberg,514.8,17.03.17
Attikon,516,13.09.12
Chavornay,523.6,22.12.14
Gümmenen,523.7,07.08.13
Zürich,524.3,19.12.13
Olten,526.3,07.11.14
Vilters,526.7,31.03.16
Le Mont-sur-Lausanne,526.8,27.09.12
Le Mont-sur-Lausanne,526.8,27.09.12
Vernier,529.4,27.03.15
Andwil,530.6,09.10.14
Birmensdorf,531,28.03.17
Niedergösgen,531.7,30.03.16
St.Margrethen,532.4,14.12.11
Etzelkofen,532.6,27.10.11
Düdingen,535.5,16.08.13
Eschlikon,539.2,26.09.13
Egliswil,545.7,31.03.15
Vinzel,545.7,16.12.11
Altbüron,546,23.12.11
Palézieux-Village,552.6,14.12.13
Ecublens,554.9,17.12.09
Obergerlafingen,555.6,31.12.11
Montfaucon,560.7,11.06.12
Illhart,566.1,30.03.17
Stans,567,01.04.10
Trimmis,567.3,30.12.13
Vuisternens-en-Ogoz,568.3,06.10.11
Colombey-Muraz,571,22.09.16
Kirchberg,571,18.09.15
Ecublens,572.9,17.12.09
Neuendorf,574.1,24.05.13
Knonau,578.3,15.10.11
Büron,579.8,18.09.12
Ramsei,585.3,17.12.12
Huttwil,586.6,23.12.13
Sursee,589.6,30.03.16
Estavayer-le-Gibloux,591.3,22.11.10
Gossau,593.7,27.05.11
Thônex,594.4,12.12.13
Agiez,594.8,21.12.11
Rohrbach,598.6,23.12.13
Belmont-s-Lausanne,599,18.12.12
Wängi,599.3,17.12.10
Champagne,602.7,30.03.17
Givisiez,603.7,29.09.15
Alpnach Dorf,604,25.06.13
Tägertschi,611.3,27.05.13
Sion,614,14.09.12
Emmenmatt,618.8,20.12.13
Aarberg,624,31.03.16
Luzern,628.5,28.09.12
Hasle-Rüegsau,629.7,28.10.11
Gossau,630,01.12.11
Langenthal,630.2,18.08.15
Wangen an der Aare,638.4,07.09.12
Baar,644.3,26.02.12
Härkingen,646.4,14.11.14
Zeglingen,648.2,15.01.12
Basel,649,13.12.13
Meyrin,655,22.12.09
Wittenbach,655.9,15.08.14
Gwatt,661.8,18.12.15
Kirchberg,663,31.03.16
Niederbipp,672.9,23.05.13
Maienfeld,678,13.09.16
Dielsdorf,680,29.09.16
Frauenfeld,687.6,06.12.13
Sachseln,692.2,17.03.17
Müstair,699.3,28.09.12
Nottwil,702.3,31.03.16
Domat/Ems,707.9,15.12.11
Le Lignon,712.3,02.07.09
Emmenbrücke,714.7,03.02.17
Hohentannen,716.2,22.12.12
Grabs,717.8,14.12.11
Luzern,723.1,18.09.09
Schötz,726.1,08.09.11
Erlen,733.7,24.06.16
Spreitenbach,736.6,05.04.12
Ruswil,738.3,31.03.16
Zizers,740,24.12.13
St-Légier-La Chiésaz,757.5,26.11.10
Romanshorn,764.5,20.12.12
Orbe,766.4,30.12.13
Homburg,766.9,19.12.13
Landquart,770.1,17.09.15
Delémont,773.3,24.03.16
Hatswil,778.2,27.11.12
Frauenfeld,796.8,30.03.16
Münchenstein,805.5,28.10.13
Sempach,814.6,27.03.15
Fontaines,815.6,30.09.15
Avenches,829.9,31.03.16
Ebnat-Kappel,835.8,17.05.13
Rothenburg,848.9,08.11.10
Stansstad,856.9,08.11.13
Stansstad,856.9,08.11.13
Sierre,857.4,21.12.11
Nyon,857.5,26.09.16
Hemishofen,859.3,21.12.12
Tägerig,865,24.03.16
Belmont,866.2,29.09.16
Rohrbach,872,20.12.11
Rohrbach,872,20.12.11
Ufhusen,872.1,30.07.14
Vaulruz,879.3,31.08.16
Oberwil,899.3,01.12.11
Härkingen,913.1,27.05.14
Etoy,915.2,30.09.16
Wildegg,916.1,19.03.15
Illhart,917.4,19.02.16
Stabio,947.1,20.12.13
Wittnau,972.9,13.12.13
Luthern,976.5,29.06.12
Pratteln,976.8,20.12.13
Villmergen,980.7,20.12.13
Mex,1'001.6,28.02.12
Saxon,1'002.9,22.12.11
Wangen bei Olten,1'009.8,20.12.13
Châtel-St-Denis,1'015.0,22.12.11
Muri,1'025.5,10.12.14
Allaman,1'041.1,27.03.15
Urdorf,1'075.9,06.03.15
Spreitenbach,1'081.1,28.12.11
Schüpbach,1'081.1,06.01.15
Saxon,1'091.6,12.12.13
Horw,1'096.7,22.09.16
Stans,1'136.2,16.09.16
Neuendorf,1'138.2,24.05.13
Hergiswil,1'144.0,21.11.11
Chur,1'175.2,28.09.12
Amlikon-Bissegg,1'196.2,24.11.11
Wattwil,1'212.3,22.11.10
Wolfwil,1'213.4,26.02.15
Daillens,1'228.0,25.10.13
Wil,1'234.6,21.12.12
Rüdtligen,1'260.6,14.01.15
Domdidier,1'302.2,30.03.15
Payerne,1'421.9,30.12.16
Zürich Mülligen,1'470.0,21.12.12
Rothenburg,1'508.0,24.03.15
Bioggio,1'541.1,17.08.09
Worb,1'566.3,27.09.12
Vernier,1'568.0,19.09.12
Alle,1'685.1,30.12.12
Basel,1'706.9,13.12.11
Evionnaz,2'025.6,21.12.12
Rheinfelden,2'064.6,21.12.13
Biel,2'105.0,17.06.15
Landquart,2'126.8,25.03.15
Ecublens,2'222.5,03.09.10
Frauenfeld,2'343.5,21.09.15
Neuendorf,2'418.8,24.05.13
Yvonand,2'533.1,30.09.16
Kaiseraugst,2'993.6,30.11.09
Neuendorf,3'620.0,30.07.13
Zuchwil,5'762.1,29.09.15
Onnens,8'303.2,30.11.16