"Ort","Postleitzahl","Installierte Leistung in KW","Inbetriebnahme","ZE-Kanton"
"Rueras",,"1.500","1979","Graubünden"
"Sedrun",,"2.000","1945","Graubünden"
"Sedrun",,"150.000","1968","Graubünden"
"Sedrun",,"0.750","1968","Graubünden"
"Tavanasa",,"180.000","1962","Graubünden"
"Somvix",,"24.870","1947","Graubünden"
"Trun",,"4.230","1999","Graubünden"
"Trun",,"0.600","1943","Graubünden"
""Dardin"," Casut"",,"0.400","2008","Graubünden"
"Tavanasa",,"4.000","1946","Graubünden"
""Obersaxen"," St. Joseph"",,"4.260","2017","Graubünden"
"Tavanasa",,"12.500","1960","Graubünden"
"Waltensburg",,"5.100","1973","Graubünden"
"Ilanz",,"34.500","1990","Graubünden"
"Ilanz",,"49.500","1992","Graubünden"
""Vals"," Staumauer Zervreila"",,"22.000","1958","Graubünden"
"Safien Platz",,"90.000","1957","Graubünden"
"Rothenbrunnen",,"135.000","1958","Graubünden"
"Rothenbrunnen",,"26.000","1949","Graubünden"
""St. Martin"," Lunschania"",,"0.940","1996","Graubünden"
"Sagogn",,"2.820","1963","Graubünden"
"Flims",,"2.620","2012","Graubünden"
"Flims",,"0.640","2012","Graubünden"
"Flims",,"0.300","2013","Graubünden"
"Flims",,"1.730","1904","Graubünden"
"Flims",,"0.880","2011","Graubünden"
"Flims",,"0.280","2011","Graubünden"
"Trin Mulin",,"1.600","1907","Graubünden"
"Trin",,"6.480","1944","Graubünden"
"Ausserferrera",,"180.000","1962","Graubünden"
"Ausserferrera",,"4.400","1963","Graubünden"
"Nufenen",,"0.300","2009","Graubünden"
"Splügen",,"1.800","2012","Graubünden"
"Sufers",,"0.710","1990","Graubünden"
"Andeer",,"220.000","1962","Graubünden"
"Andeer",,"1.600","1968","Graubünden"
""Sils"," Nisellas"",,"247.000","1961","Graubünden"
"Thusis",,"4.600","1968","Graubünden"
"Preda bei Bergün",,"0.900","1903","Graubünden"
""Davos"," Frauenkirch"",,"0.700","1894","Graubünden"
""Davos"," Glaris"",,"1.130","1899","Graubünden"
"Filisur",,"65.000","1967","Graubünden"
"Tiefencastel",,"24.000","1989","Graubünden"
"Bivio",,"0.650","1936","Graubünden"
"Tinizong-Rona",,"7.000","2016","Graubünden"
"Tinizong",,"69.500","1954","Graubünden"
"Riom - Parsonz",,"1.590","2011","Graubünden"
"Tiefencastel",,"52.000","1970","Graubünden"
"Tiefencastel",,"26.000","1949","Graubünden"
"Vaz/Obervaz",,"7.300","1920","Graubünden"
"Sils im Domleschg",,"26.000","1910","Graubünden"
"Rothenbrunnen",,"44.000","1976","Graubünden"
"Domat-Ems",,"19.060","1962","Graubünden"
"Litzirüti",,"5.000","1969","Graubünden"
""Lüen"," Tewald"",,"3.550","2013","Graubünden"
""Lüen"," Tewald"",,"7.200","1914","Graubünden"
""Chur"," Sand"",,"9.400","1947","Graubünden"
""Chur"," Sand"",,"0.710","1892","Graubünden"
""Churwalden"," Bärgliwäg"",,"0.400","2018","Graubünden"
"Klosters",,"16.500","1925","Graubünden"
"Klosters-Dorf",,"6.100","1928","Graubünden"
"Küblis",,"45.600","1922","Graubünden"
"Seewis",,"11.330","2011","Graubünden"
"Landquart-Fabriken",,"0.500","1901","Graubünden"
"Landquart-Fabriken",,"0.710","1988","Graubünden"
"Vadura",,"279.900","1977","St.Gallen"
"Bad Ragaz",,"90.000","1978","St.Gallen"
"Ragaz",,"0.700","1892","St.Gallen"
"Jenins",,"0.460","1997","Graubünden"
"Vilters",,"1.200","1982","St.Gallen"
""Wangs"," Gaschiels"",,"0.700","1950","St.Gallen"
"Sevelen",,"1.140","1897","St.Gallen"
""Buchs"," Waldrand"",,"0.980","1987","St.Gallen"
""Buchs"," Steig - Aspenhölzli"",,"0.690","1903","St.Gallen"
""Buchs"," Altendorf"",,"3.560","1928","St.Gallen"
""Grabs"," Bannwald"",,"0.440","1959","St.Gallen"
""Grabs"," Löchli"",,"1.430","1899","St.Gallen"
"Sennwald",,"1.220","1912","St.Gallen"
"Lienz",,"0.380","1906","St.Gallen"
""Oberriet"," Blatten"",,"0.380","1906","St.Gallen"
"Montlingen",,"0.380","1906","St.Gallen"
""Heiden"," Hinterlochen"",,"0.720","1902","Appenzell A.Rh."
""Untereggen"," Lochmüli"",,"0.630","1898","St.Gallen"
"Steinach",,"1.200","2014","St.Gallen"
"Schaffhausen",,"28.900","1964","Schaffhausen"
"Schaffhausen",,"5.000","1909","Schaffhausen"
"Neuhausen",,"5.600","1951","Schaffhausen"
"Rheinau",,"36.800","1956","Zürich"
""Nesslau"," unterer Giessenfall"",,"1.900","1896","St.Gallen"
""Nesslau"," Schneit"",,"1.250","1909","St.Gallen"
"Krummenau",,"0.840","1945","St.Gallen"
""Trempel"," Ebnat-Kappel"",,"1.800","1925","St.Gallen"
"Ebnat - Kappel",,"0.860","1903","St.Gallen"
"Lichtensteig",,"0.570","1820","St.Gallen"
"Bütschwil",,"0.980","1861","St.Gallen"
"Bütschwil",,"0.980","1917","St.Gallen"
"Mülau bei Bazenheid Kirchberg",,"1.370","1865","St.Gallen"
"Glattmüli",,"0.350","1893","St.Gallen"
"Bischofszell",,"1.020","1864","Thurgau"
"Rässenaueli",,"2.500","1905","Appenzell I.Rh."
"Urnäsch",,"0.380","1903","Appenzell A.Rh."
"Urnäsch",,"0.360","1907","Appenzell A.Rh."
"St. Gallen",,"15.000","1900","St.Gallen"
""St. Gallen"," Sittertal"",,"0.460","1945","St.Gallen"
"St. Gallen",,"0.300","2008","St.Gallen"
"Wittenbach",,"0.480","1895","St.Gallen"
"Schönenberg",,"1.700","2011","Thurgau"
"Schönenberg an der Thur",,"2.300","2002","Thurgau"
"Bürglen",,"1.100","1872","Thurgau"
"Bürglen",,"0.440","1956","Thurgau"
"Bürglen",,"0.990","2016","Thurgau"
"Bürglen",,"0.700","1947","Thurgau"
"Weinfelden",,"0.400","1878","Thurgau"
"Weinfelden",,"0.400","1948","Thurgau"
""Weinfelden"," untere Widen"",,"0.830","1989","Thurgau"
"Matzingen",,"0.340","1960","Thurgau"
""Frauenfeld"," Schlossmühlestr."",,"0.310","2012","Thurgau"
""Kollbrunn"," Gmde. Zell"",,"0.370","1832","Zürich"
""Sennhof"," Illnau-Effretikon"",,"0.470","1860","Zürich"
"Neftenbach",,"0.350","1994","Zürich"
""Hard"," Wülflingen in Winterthur"",,"0.580","2015","Zürich"
"Freienstein",,"0.600","1832","Zürich"
"Oberuster",,"0.420","1816","Zürich"
"Zweidlen",,"46.900","1920","Zürich"
"Reckingen",,"39.500","1941",""
"Hallau",,"0.420","1895","Schaffhausen"
"Leibstadt",,"28.400","2009","Aargau"
"Albbruck",,"84.900","1933",""
"Laufenburg",,"110.000","1914","Aargau"
"Bad Säckingen",,"73.600","1966",""
"Schwörstadt",,"120.000","1931",""
""Schwörstaddt"," KW Ryburg-Schw."",,"0.350","2014",""
"Rheinfelden",,"100.000","1898","Aargau"
"Rheinfelden",,"1.800","2011","Aargau"
"Augst",,"35.000","1912","Basel-Landschaft"
"Grenzach-Wyhlen",,"38.500","1912",""
"Birsfelden",,"100.000","1955","Basel-Landschaft"
"Gorges de Court",,"0.920","1895","Bern"
"Choindez",,"0.580","1914","Jura"
""Undervelier"," Blanches-Fontaine"",,"0.320","1897","Jura"
""Chez Theurillat"," Haute-Sorne"",,"1.030","1920","Jura"
"Soyhières",,"0.520","1905","Jura"
"Laufen",,"0.350","1997","Basel-Landschaft"
"Laufen",,"0.720","1949","Basel-Landschaft"
"Zwingen",,"0.380","1913","Basel-Landschaft"
"Nenzlingen",,"0.340","1942","Basel-Landschaft"
"Grellingen",,"0.980","1945","Basel-Landschaft"
"Grellingen",,"0.500","1864","Basel-Landschaft"
"Grellingen",,"0.550","1861","Basel-Landschaft"
"Dornach",,"1.540","1996","Solothurn"
"Münchenstein",,"1.070","1998","Basel-Landschaft"
"Barrage de Kembs",,"2.850","1966",""
"Barrage de Kembs",,"8.400","2016",""
""Kembs"," Loechle"",,"155.000","1932",""
""Grimsel"," Chessituren"",,"388.000","1981","Bern"
""Grimsel"," Sommerloch u.Hospiz"",,"33.600","1954","Bern"
""Grimsel"," Sommerloch"," u.Hospiz"",,"32.200","1974","Bern"
"Handegg",,"44.800","1932","Bern"
"Handegg",,"215.600","1950","Bern"
"Handegg",,"55.100","1976","Bern"
"Handegg",,"0.000","1976","Bern"
""Guttannen"," Blatti"",,"1.290","2016","Bern"
""Innertkirchen"," Underürbach"",,"2.950","2016","Bern"
"Innertkirchen",,"393.500","1943","Bern"
""Underi-Furen"," Innertkirchen"",,"9.600","1961","Bern"
""Underi-Furen"," Innertkirchen"",,"0.000","1961","Bern"
"Hopflauenen",,"81.600","1967","Bern"
"Hopflauenen",,"5.400","1967","Bern"
"Innertkirchen",,"54.800","1967","Bern"
""Meiringen"," Haselholz"",,"1.650","1950","Bern"
"Meiringen",,"1.000","1889","Bern"
"Schattenhalb",,"1.900","1927","Bern"
"Schattenhalb",,"2.300","2017","Bern"
"Schattenhalb",,"9.700","2010","Bern"
"Brienz",,"0.900","1949","Bern"
"Grindelwald",,"1.400","1960","Bern"
"Lütschental",,"11.900","1908","Bern"
""Lauterbrunnen"," Stechelberg"",,"4.300","1905","Bern"
"Saxeten",,"0.480","1999","Bern"
"Wilderswil",,"0.800","1998","Bern"
""Interlaken"," Kanal"",,"0.820","1894","Bern"
"Unterseen",,"0.300","1996","Bern"
""Kandersteg"," Eggeschwand"",,"2.100","2009","Bern"
""Kandersteg"," Zilfuri"",,"1.090","1903","Bern"
""Kandersteg"," Dorf"",,"1.030","1996","Bern"
"Inner-Kandergrund",,"19.000","1911","Bern"
""Adelboden"," Engstligenalp"",,"0.600","1937","Bern"
""Reichenbach"," Losplatte"",,"2.750","2017","Bern"
""Adelboden"," Moosweid"",,"0.350","1903","Bern"
"Adelboden",,"0.500","1996","Bern"
"Längmad am Thunersee",,"18.660","1899","Bern"
""St. Stephan"," Matten"",,"2.090","2016","Bern"
"St. Stephan",,"0.350","2016","Bern"
""Boltigen"," Garstatt"",,"2.600","2016","Bern"
"Weissenburg",,"0.370","1898","Bern"
"Erlenbach",,"1.300","1946","Bern"
"Erlenbach",,"18.000","1959","Bern"
"Simmenfluh (Wimmis)",,"9.000","1962","Bern"
"Thun",,"6.320","1962","Bern"
"Thun",,"2.830","1917","Bern"
""Thun"," Kanal (Uttigenstr.)"",,"0.440","1901","Bern"
"Blumenstein",,"0.640","1918","Bern"
""Bern"," Matte"",,"1.160","1891","Bern"
"Engehalde",,"0.440","1998","Bern"
"Felsenau",,"11.500","1909","Bern"
"Buttenried",,"44.590","1920","Bern"
"Innergsteig",,"18.000","1966","Bern"
"Lauenen bei Gstaad",,"0.900","2014","Bern"
"Gsteig b.Gstaad",,"0.720","1948","Bern"
""Château d'Oex"," Gérignoz"",,"0.450","1996","Waadt"
"Montbovon",,"31.000","1896","Freiburg"
"Lessoc",,"8.560","1973","Freiburg"
"Grandvillard",,"2.900","1999","Freiburg"
"Jaun",,"0.380","1982","Freiburg"
""Charmey"," La Tzintre"",,"0.860","2012","Freiburg"
""Charmey"," Le Perré"",,"5.270","1893","Freiburg"
"Broc",,"25.000","1921","Freiburg"
"Rossens",,"0.700","1976","Freiburg"
"Rossens",,"1.700","2005","Freiburg"
"Hauterive",,"60.000","1902","Freiburg"
""Fribourg"," Maigrauge"",,"0.580","1870","Freiburg"
""Fribourg"," Oelberg"",,"18.300","1910","Freiburg"
"Weissenburg_Del",,"0.370","1898","Bern"
"Schiffenen",,"71.000","1964","Freiburg"
""Niederried"," Radelfingen"",,"15.000","1963","Bern"
"Aarberg",,"15.200","1968","Bern"
"Kallnach",,"8.300","1913","Bern"
"Hagneck",,"2.910","1900","Bern"
"Hagneck",,"20.960","2015","Bern"
"La Dernier",,"28.000","1903","Waadt"
"Vallorbe",,"2.350","1955","Waadt"
"Les Clées",,"30.000","1955","Waadt"
"Montcherand",,"15.500","1908","Waadt"
"Orbe",,"2.600","1894","Waadt"
"Orbe",,"0.770","2013","Waadt"
"Orbe",,"0.580","1920","Waadt"
"La Doux / St.Sulpice",,"0.820","1896","Neuenburg"
"St.Sulpice",,"3.900","1988","Neuenburg"
""Noiraigue"," Le Furcil"",,"0.680","1956","Neuenburg"
"Brot - Dessous",,"1.110","1896","Neuenburg"
""Brot-Dessous"," Les Moyats"",,"1.600","1887","Neuenburg"
""Boudry"," Combe-Garot"",,"4.860","1897","Neuenburg"
"Boudry",,"4.400","1914","Neuenburg"
"Boudry",,"0.500","2014","Neuenburg"
""Neuchâtel"," Serrières"",,"0.510","1920","Neuenburg"
""Neuchâtel"," Serrières"",,"0.360","1939","Neuenburg"
""Neuchâtel"," Serrières"",,"0.320","1939","Neuenburg"
""La Serrière"," Neuchâtel"",,"1.300","2016","Neuenburg"
"Sonceboz",,"0.390","2005","Bern"
""Péry"," Rondchâtel"",,"3.000","1883","Bern"
""Péry"," Frinvillier"",,"0.300","1893","Bern"
"Frinvillier",,"0.350","1869","Bern"
"Biel-Bözingen",,"0.320","1896","Bern"
"Bözingen",,"3.250","1876","Bern"
"Brügg",,"5.200","1995","Bern"
"Rüderswil",,"0.420","1999","Bern"
""Gohlhusbrügg"," Lützelflüh"",,"0.420","2016","Bern"
"Bätterkinden",,"0.500","1854","Bern"
"Bätterkinden",,"0.400","1855","Bern"
"Utzenstorf",,"0.380","1893","Bern"
"Wiler bei Utzenstorf",,"0.500","1889","Bern"
"Biberist",,"0.500","1864","Solothurn"
"Derendingen",,"0.330","1863","Solothurn"
"Luterbach",,"0.860","1876","Solothurn"
"Luterbach",,"0.320","1888","Solothurn"
"Riedholz",,"23.400","1970","Solothurn"
"Bannwil",,"28.500","1970","Bern"
"Oberwynau",,"12.000","1996","Bern"
"Schwarzhäusern",,"8.200","1923","Bern"
"Boningen",,"23.000","2000","Solothurn"
"Aarburg",,"0.420","1889","Aargau"
"Olten",,"0.370","2015","Solothurn"
"Niedergösgen",,"51.300","1917","Solothurn"
"Aarau",,"16.930","1893","Aargau"
"Aarau",,"9.200","1929","Aargau"
"Aarau",,"1.200","2014","Aargau"
"Auenstein",,"40.000","1945","Aargau"
"Rupperswil",,"1.740","1945","Aargau"
"Niederlenz",,"0.400","1943","Aargau"
"Schinznach-Dorf",,"0.650","1953","Aargau"
"Villnachern",,"51.250","1953","Aargau"
"Döttingen",,"6.200","2001","Aargau"
"Döttingen",,"19.500","1902","Aargau"
""Klingnau"," Gippingen"",,"42.600","1935","Aargau"
"Hospental",,"2.000","1902","Uri"
"Realp",,"0.900","1914","Uri"
"Realp",,"2.810","2017","Uri"
"Andermatt",,"2.900","1961","Uri"
"Göschenen",,"164.800","1962","Uri"
"Göschenen",,"33.260","1961","Uri"
"Göschenen",,"1.620","1969","Uri"
"Pfaffensprung",,"58.000","1949","Uri"
""Wassen"," Pfaffensprung"",,"0.720","1998","Uri"
"Gurtnellen",,"6.600","1900","Uri"
"Gurtnellen",,"0.310","2007","Uri"
"Bristen",,"4.300","2016","Uri"
"Amsteg",,"120.000","1923","Uri"
"Amsteg",,"1.730","1998","Uri"
"Amsteg",,"13.000","1910","Uri"
""Erstfeld"," Ripshusen"",,"7.000","1963","Uri"
""Erstfeld"," Ripshusen"",,"1.700","1931","Uri"
"Unterschächen",,"0.520","1996","Uri"
"Unterschächen",,"2.200","1962","Uri"
"Bürglen",,"20.800","1967","Uri"
"Bürglen",,"1.500","1895","Uri"
"Altdorf",,"0.300","2002","Uri"
"Isenthal",,"1.180","1959","Uri"
"Seedorf",,"0.380","2012","Uri"
"Seedorf",,"12.000","1955","Uri"
""Bisisthal"," Sahli"",,"4.700","1962","Schwyz"
""Bisisthal"," Sahli"",,"9.300","1970","Schwyz"
"Bisisthal",,"15.800","1956","Schwyz"
"Muotathal",,"8.800","1960","Schwyz"
"Muotathal",,"4.700","1960","Schwyz"
"Ibach",,"20.400","1966","Schwyz"
"Ibach",,"0.320","1859","Schwyz"
"Brunnen",,"0.600","1885","Schwyz"
""Steinen"," Müliacher"",,"2.200","2016","Schwyz"
"Beckenried",,"1.630","1957","Nidwalden"
""Engelberg"," Stalden"",,"1.270","1941","Obwalden"
"Engelberg",,"8.500","1967","Obwalden"
"Engelberg",,"3.070","1966","Obwalden"
"Grafenort",,"31.950","1905","Obwalden"
"Grafenort",,"1.970","1963","Obwalden"
"Wolfenschiessen",,"17.750","1962","Nidwalden"
""Wolfenschiessen"," Flüglisloo"",,"2.000","2013","Nidwalden"
"Oberrickenbach",,"8.700","1937","Nidwalden"
"Wolfenschiessen",,"6.600","1945","Nidwalden"
"Buochs",,"0.330","1888","Nidwalden"
"Lungern",,"1.200","2003","Obwalden"
"Kaiserstuhl",,"10.300","1933","Obwalden"
"Giswil",,"12.000","2013","Obwalden"
"Giswil",,"54.000","1921","Obwalden"
""Sachseln"," Obflue"",,"0.300","2005","Obwalden"
""Kerns"," Stöckalp"",,"14.000","1960","Obwalden"
""Kerns"," Wisserlen"",,"1.150","1905","Obwalden"
""Alpnach"," Eichibrücke"",,"2.400","1957","Obwalden"
""Stansstad"," Rotzloch"",,"0.300","1872","Nidwalden"
"Luzern",,"0.930","1998","Luzern"
"Wolhusen",,"0.330","1906","Luzern"
"Malters",,"0.870","2011","Luzern"
"Kriens/Obernau",,"0.710","1999","Luzern"
"Littau",,"0.790","1886","Luzern"
"Emmenbrücke",,"1.080","1931","Luzern"
"Emmen",,"2.100","1896","Luzern"
""Perlen"," Buchrain"",,"1.000","1873","Luzern"
""Perlen"," Root"",,"1.150","1875","Luzern"
"Unterägeri",,"0.450","1908","Zug"
""Neuägeri"," Gmde Menzingen"",,"0.340","2015","Zug"
""Lorzentobel"," Nidfuren"",,"1.900","1898","Zug"
"Lorzentobel",,"1.670","1891","Zug"
"Baar",,"2.170","1854","Zug"
""Friesencham"," Cham"",,"0.600","1897","Zug"
"Hagendorn",,"0.580","1893","Zug"
"Bremgarten",,"20.000","1975","Aargau"
"Bremgarten",,"0.540","1998","Aargau"
"Windisch",,"2.090","1830","Aargau"
""Linthal"," Ochsenstafel"",,"500.000","2016","Glarus"
""Linthal"," Ochsenstafel"",,"4.400","1965","Glarus"
""Linthal"," Tierfehd"",,"261.000","1964","Glarus"
""Linthal"," Tierfehd"",,"140.000","2010","Glarus"
""Linthal"," Tierfehd"",,"42.000","1964","Glarus"
"Linthal",,"34.400","1964","Glarus"
"Linthal",,"15.000","1950","Glarus"
"Linthal",,"0.500","1900","Glarus"
"Linthal",,"1.600","1877","Glarus"
""Linthal"," Stachelberg"",,"3.900","1921","Glarus"
"Braunwald",,"0.930","2014","Glarus"
"Rüti",,"0.360","1901","Glarus"
""Rüti"," Gmde Glarus Süd"",,"2.530","2017","Glarus"
"Diesbach",,"0.930","1945","Glarus"
"Hätzingen",,"1.050","1850","Glarus"
"Luchsingen",,"3.500","1940","Glarus"
"Leuggelbach",,"1.000","1930","Glarus"
"Haslen",,"0.920","1848","Glarus"
"Schwanden",,"0.900","1828","Glarus"
"Elm",,"0.330","1995","Glarus"
"Matt",,"0.640","1902","Glarus"
"Engi (Glarus Süd)",,"0.530","2012","Glarus"
""Engi"," Vorderdorf (Glarus Süd)"",,"3.750","2009","Glarus"
"Schwanden",,"15.700","1931","Glarus"
"Schwanden",,"28.200","1931","Glarus"
"Schwanden",,"1.800","1899","Glarus"
"Schwanden",,"0.500","1908","Glarus"
"Mitlödi",,"4.000","2018","Glarus"
"Mitlödi (Glarus Süd)",,"0.850","2016","Glarus"
"Ennenda",,"0.820","1920","Glarus"
""Mitlödi"," Gmde. Glarus Süd"",,"0.550","2016","Glarus"
""Ennenda"," Alpenbrüggli"",,"0.320","2011","Glarus"
"Netstal",,"0.800","1912","Glarus"
"Netstal",,"89.100","1908","Glarus"
"Netstal",,"1.420","1923","Glarus"
"Mels",,"0.990","1906","St.Gallen"
""Mels"," Steigs"",,"3.300","1931","St.Gallen"
"Mels",,"0.550","1878","St.Gallen"
"Mels",,"1.760","2018","St.Gallen"
""Plons"," Gmde. Mels"",,"4.500","1948","St.Gallen"
"Flums",,"5.070","1901","St.Gallen"
"Flums",,"0.700","1943","St.Gallen"
""Flums"," Rüfi"",,"0.340","1890","St.Gallen"
"Flums",,"1.480","1866","St.Gallen"
"Walenstadt",,"3.140","2019","St.Gallen"
"Flums",,"1.190","1974","St.Gallen"
"Töbeli",,"0.600","1895","St.Gallen"
""Mols"," Tal"",,"0.750","1954","St.Gallen"
"Oberterzen",,"1.160","1927","St.Gallen"
""Murgtal"," Merlen"",,"0.410","1950","St.Gallen"
""Murgtal"," Unter Plätz"",,"0.520","1935","St.Gallen"
""Murgtal"," Unter Plätz"",,"6.500","1994","St.Gallen"
""Murgtal"," Unter Plätz"",,"2.300","1959","St.Gallen"
""Murg"," unterhalb Gödis"",,"2.800","1909","St.Gallen"
"Murg",,"2.320","1836","St.Gallen"
""Amden"," Muslen"",,"1.630","1908","St.Gallen"
"Rütiberg / Näfels",,"0.890","1961","Glarus"
"Rütiberg / Näfels",,"0.850","1977","Glarus"
"Näfels",,"4.500","1925","Glarus"
"Niederurnen",,"2.220","1903","Glarus"
"Ziegelbrücke",,"0.580","1837","Glarus"
"Uznach",,"0.510","2015","St.Gallen"
""Vorderthal"," Rempen"",,"66.240","1926","Schwyz"
"Siebnen",,"51.520","1926","Schwyz"
""Galgenen"," Vorauen"",,"0.300","1863","Schwyz"
"Rüti",,"0.560","1920","Zürich"
"Altendorf",,"135.000","1937","Schwyz"
"Bäch",,"0.300","1957","Schwyz"
"Schindellegi",,"0.870","1869","Schwyz"
"Wollerau",,"1.450","1961","Schwyz"
"Schönenberg",,"2.800","1895","Zürich"
"Zürich",,"0.640","1860","Zürich"
"Zürich",,"5.000","1877","Zürich"
"Zürich",,"1.400","1898","Zürich"
"Dietikon",,"2.940","1933","Zürich"
"Wettingen",,"2.100","2007","Aargau"
"Wettingen",,"25.350","1933","Aargau"
"Baden",,"0.500","2013","Aargau"
"Baden",,"5.200","1909","Aargau"
""Baden"," Chappelerhof"",,"7.000","1892","Aargau"
""Untersiggenthal"," Schiffmüli"",,"0.380","2013","Aargau"
""Untersiggenthal"," Schiffmüli"",,"3.300","1896","Aargau"
"Turgi",,"1.000","1902","Aargau"
"Turgi",,"0.900","1861","Aargau"
"Untersiggenthal",,"0.800","1864","Aargau"
"Hätzingen",,"1.060","2016","Glarus"
""Ulrichen"," Altstafel"",,"9.670","1967","Wallis"
""Oberwald"," St. Niklaus"",,"14.300","2017","Wallis"
""Ulrichen"," zum Loch"",,"2.350","2014","Wallis"
""Münster"," Moos"",,"1.990","1959","Wallis"
""Wiler"," Münster-Geschinen"",,"0.860","2016","Wallis"
"Reckingen",,"2.130","1990","Wallis"
"Grafschaft",,"3.640","2013","Wallis"
"Rappental",,"1.200","1965","Wallis"
"Neubrigg",,"26.000","1965","Wallis"
"Fieschertal",,"64.000","1975","Wallis"
"Fiesch",,"3.100","2012","Wallis"
"Niederernen",,"33.000","1954","Wallis"
""Heiligkreuz"," Längtal"",,"1.250","1969","Wallis"
"Heiligkreuz",,"41.000","1971","Wallis"
"Mörel",,"35.300","1951","Wallis"
"Mörel",,"54.900","1943","Wallis"
"Bitsch",,"7.200","1899","Wallis"
""Bitsch"," Biel"",,"340.000","1969","Wallis"
"Naters",,"0.440","1900","Wallis"
""Mund"," In de Fäldu (Gem.Naters)"",,"1.440","2015","Wallis"
"Ried-Brig",,"2.350","1990","Wallis"
"Ried-Brig",,"0.550","2013","Wallis"
"Ried-Brig",,"5.010","1990","Wallis"
"Brig-Glis",,"6.100","1942","Wallis"
""Badhalte"," Brig-Glis"",,"1.440","2015","Wallis"
"Ried-Brig",,"0.450","1995","Wallis"
""Saas Almagell"," Zermeiggern"",,"74.000","1966","Wallis"
""Saas Almagell"," Zermeiggern"",,"0.000","1987","Wallis"
""Saas-Fee"," Wichulti"",,"1.550","1960","Wallis"
"Stalden",,"185.000","1965","Wallis"
""Mossjesee"," Zermatt"",,"0.430","2015","Wallis"
"Zermatt",,"11.300","2002","Wallis"
""Zermatt"," Alterhaupt"",,"2.230","1930","Wallis"
"Zermatt",,"3.400","1949","Wallis"
"Täsch",,"1.650","1992","Wallis"
"St. Niklaus",,"4.700","2015","Wallis"
""Eisten"," VS"",,"1.000","2014","Wallis"
""Törbel"," Gappil"",,"0.490","2010","Wallis"
""Stalden"," Riedji"",,"0.590","1929","Wallis"
""Stalden"," Ackersand"",,"29.200","1909","Wallis"
""Stalden"," Ackersand"",,"64.400","1959","Wallis"
""Vispenterminen"," Chrizji"",,"3.000","2018","Wallis"
""Vispenterminen"," Stundhüs"",,"2.320","2018","Wallis"
"Baltschieder",,"0.330","1994","Wallis"
"Tscherggen",,"0.500","2000","Wallis"
"Unterbäch",,"1.300","2010","Wallis"
"Eischoll",,"0.980","2014","Wallis"
"Unterbäch",,"0.850","1966","Wallis"
"Raron",,"1.060","2007","Wallis"
""Niedergesteln"," Turtig"",,"0.550","2009","Wallis"
"Niedergesteln",,"0.330","2008","Wallis"
"Niedergesteln",,"0.580","2008","Wallis"
"Blatten",,"1.250","2012","Wallis"
"Blatten",,"0.450","1915","Wallis"
"Wiler (Lötschen)",,"1.400","2010","Wallis"
"Ferden",,"0.990","2013","Wallis"
"Steg-Hohtenn",,"122.000","1976","Wallis"
"Oberems",,"0.750","2009","Wallis"
"Oberems",,"8.200","1926","Wallis"
""Oberems"," Meretschialp"",,"0.000","1926","Wallis"
""Turtmann"," Müllacheren"",,"23.900","1925","Wallis"
""Dalaloch"," Leuk-Stadt"",,"13.000","1909","Wallis"
"Chippis",,"47.840","1911","Wallis"
""Grimentz-Lona"," Val de Moiry"",,"1.050","1961","Wallis"
""Ayer"," Mottec"",,"71.000","1958","Wallis"
""Ayer"," Vissoie"",,"50.000","1958","Wallis"
""Ayer"," Vissoie"",,"0.680","1958","Wallis"
"Chippis",,"52.000","1908","Wallis"
"Croix / Ayent",,"66.000","1957","Wallis"
"Chamarin / Ayent",,"1.900","1957","Wallis"
""Crans-Montana"," R. Bourgeoisie"",,"1.050","2017","Wallis"
"Icogne",,"2.000","2012","Wallis"
""St-Léonard"," Mangol"",,"36.000","1956","Wallis"
"St. Léonard",,"0.720","1907","Wallis"
""Hérémence"," Sauterot"",,"5.100","1977","Wallis"
"Hérémence",,"0.600","2012","Wallis"
"Bramois",,"25.200","1915","Wallis"
"Bramois",,"0.430","1953","Wallis"
"Sion",,"150.000","1934","Wallis"
""Siviez"," Cleuson"",,"0.000","1950","Wallis"
"Savièse",,"0.460","2004","Wallis"
"Arbaz",,"0.590","2010","Wallis"
"Savièse",,"0.580","2015","Wallis"
"Savièse",,"0.330","2001","Wallis"
""Vétroz"," Péteille"",,"0.730","2015","Wallis"
"Ardon",,"52.000","1960","Wallis"
"Balavaud / Ardon",,"0.480","1971","Wallis"
"Stafel",,"0.000","1961","Wallis"
"Z'Mutt",,"0.000","1965","Wallis"
"Ferpècle",,"0.000","1964","Wallis"
"Arolla",,"0.000","1963","Wallis"
"Riddes",,""1","285.000"","1999","Wallis"
"Fionnay",,"306.000","1957","Wallis"
"Riddes",,"392.000","1960","Wallis"
"Riddes",,"0.650","2016","Wallis"
"Isérables",,"0.350","2005","Wallis"
""Les Pontets"," Riddes"",,"0.450","2014","Wallis"
""Riddes"," Pied du Mont"",,"0.310","1942","Wallis"
""Fionnay"," Mauvoisin"",,"30.000","1964","Wallis"
"Fionnay",,"140.000","1958","Wallis"
""Riddes"," Ecône"",,"258.000","1956","Wallis"
"Leytron",,"0.470","2013","Wallis"
"Fully",,"5.500","1915","Wallis"
"Fully",,"2.130","2017","Wallis"
""Fully"," Les Garettes"",,"0.870","2017","Wallis"
""Lac-Devant"," Sorniot"",,"0.000","1915","Wallis"
"Champsec",,"8.700","1930","Wallis"
""Le Châble"," Bagnes"",,"0.400","1993","Wallis"
""Bagnes"," Profray"",,"2.300","2017","Wallis"
"Pas-du Lein",,"0.470","1998","Wallis"
"Vollèges",,"0.900","2009","Wallis"
"L'Hospitalet",,"1.470","1963","Wallis"
""Bourg-St-Pierre"," La Delise"",,"2.000","2016","Wallis"
"Liddes",,"33.400","1958","Wallis"
""Le Niollet"," Champex"",,"0.320","1947","Wallis"
"Orsières",,"1.200","1996","Wallis"
"Orsières",,"26.400","1931","Wallis"
"Pt. de la Tsi / Liddes",,"0.000","1943","Wallis"
""Sembrancher"," Les Moulins"",,"11.000","1929","Wallis"
"Martigny-Bourg",,"22.000","1908","Wallis"
"Martigny-Combe",,"0.930","1981","Wallis"
"Le Châtelard",,"1.000","1929","Wallis"
"Le Châtelard",,"112.000","1923","Wallis"
"Vallorcine",,"260.500","1978",""
"Finhaut",,"900.000","2018","Wallis"
""Salvan"," Alpage de Barberine"",,"0.000","1978","Wallis"
"Vallorcine",,"0.000","1978",""
"Vernayaz",,"92.000","1927","Wallis"
"Vernayaz",,"0.460","2013","Wallis"
"Martigny",,"170.000","1978","Wallis"
"Vernayaz",,"1.700","2016","Wallis"
""Vernayaz"," Miéville"",,"70.000","1950","Wallis"
"Giétroz du Fond",,"0.000","1965","Wallis"
"Clusanfe",,"0.000","1950","Wallis"
"Collonges",,"3.300","1981","Wallis"
""Evionnaz"," La Rasse"",,"0.720","1998","Wallis"
"Lavey",,"90.000","1950","Waadt"
"La Peuffeyre",,"24.000","1927","Waadt"
"Bex",,"8.000","1898","Waadt"
"Bex",,"2.610","1911","Waadt"
"Le Bevieux",,"1.900","1943","Waadt"
""Etrivouez"," Grand Paradis"",,"0.970","1901","Wallis"
""La Frassenaye"," Val d'Jlliez"",,"0.920","2005","Wallis"
"Monthey",,"13.600","1910","Wallis"
""Monthey"," Les Nants"",,"9.800","1963","Wallis"
"Monthey",,"0.400","1992","Wallis"
""Vionnaz"," Beffeux"",,"0.420","2014","Wallis"
""Les Diablerets"," Le Plan"",,"5.400","1957","Waadt"
""Ormont-Dessous"," Le Pont"",,"10.600","1913","Waadt"
""Ormont - Dessous"," Le Pont"",,"0.390","2013","Waadt"
""Aigle"," En la Douve"",,"0.460","1989","Waadt"
""Fontanney"," Les Farettes"",,"20.300","1906","Waadt"
""Les Farettes"," Aigle"",,"0.330","1997","Waadt"
""Vouvry"," Haut du Village"",,"8.000","1902","Wallis"
""Saint-Gingolph"," Vignolles"",,"0.350","2009","Wallis"
""Veytaux"," Chillon"",,"420.000","1972","Waadt"
""Montreux"," Sonzier"",,"1.650","1901","Waadt"
""Les Planches"," Taulan"",,"1.200","1887","Waadt"
"Rivaz",,"0.730","2014","Waadt"
"Aubonne",,"10.700","1896","Waadt"
"Lavigny",,"3.310","2008","Waadt"
"Genève",,"8.700","1994","Genf"
""Veyrier"," Iles de Vessy"",,"0.320","1867","Genf"
"Russin",,"102.800","1943","Genf"
"Avully / Chancy",,"54.000","1925","Genf"
"Challex",,"0.480","2013",""
""Les Brenets"," La Rançonnière"",,"1.600","1890","Neuenburg"
"Les Planchettes",,"1.000","2005","Neuenburg"
"Les Planchettes",,"31.600","1953","Neuenburg"
"Echelles de la Mort",,"12.000","1909",""
"Le Noirmont",,"5.600","1894","Jura"
""Bedretto"," Ossasco"",,"1.270","2012","Tessin"
"Motti della Bolla",,"1.930","1991","Tessin"
"Airolo",,"60.000","1947","Tessin"
"Cap.dei Morti",,"0.000","1947","Tessin"
""Airolo"," Launc"",,"3.600","1922","Tessin"
"Piotta",,"44.000","1920","Tessin"
"Piotta",,"14.000","1968","Tessin"
"Rodi-Fiesso",,"10.000","1925","Tessin"
""Prato Leventina"," P. di Masc."",,"0.310","2008","Tessin"
"Faido",,"2.000","1950","Tessin"
"Dalpe",,"1.000","2000","Tessin"
""Lavorgo"," Nivo di Chironico"",,"72.900","1932","Tessin"
"Chironico",,"2.900","1907","Tessin"
"Personico",,"141.000","1966","Tessin"
"Ghirone",,"20.000","1963","Tessin"
"Olivone",,"102.000","1962","Tessin"
"Biasca",,"324.000","1959","Tessin"
""Mesocco"," Spina"",,"20.900","1962","Graubünden"
""Mesocco"," Spina"",,"4.200","1963","Graubünden"
""Mesocco"," Camou"",,"0.350","2010","Graubünden"
"Soazza",,"83.000","1961","Graubünden"
""Lostallo"," Rura"",,"25.000","1958","Graubünden"
"Piani di Verdabbio",,"0.300","1957","Graubünden"
""Grono"," Oltra"",,"37.500","1965","Graubünden"
"Roveredo",,"20.800","1951","Graubünden"
"Giubiasco",,"0.310","2017","Tessin"
"Giubiasco",,"15.500","1903","Tessin"
"Gordola",,"132.500","1965","Tessin"
"Tenero",,"4.250","1972","Tessin"
"Piano di Peccia",,"54.000","1955","Tessin"
"Piano di Peccia",,"0.980","1991","Tessin"
"Robiei",,"192.000","1968","Tessin"
"San Carlo",,"140.000","1966","Tessin"
""Broglio"," Corsgèla in Lavizarra"",,"2.120","2016","Tessin"
"Cavergno",,"114.000","1955","Tessin"
"Brissago",,"119.000","1953","Tessin"
"Brissago",,"62.000","1973","Tessin"
"Campo Vallemaggia",,"1.280","2002","Tessin"
""Cerentino"," Collinasca"",,"1.380","2004","Tessin"
""Someo"," Giumaglio"",,"8.940","1967","Tessin"
"Palagnedra",,"2.850","2018","Tessin"
""Tegna"," Ponte Brolla"",,"3.100","1904","Tessin"
"Sonvico",,"5.000","1926","Tessin"
"Sigirino (Monteceneri)",,"0.840","2015","Tessin"
"Maroggia",,"0.950","1890","Tessin"
"Gabi",,"11.330","1957","Wallis"
""Gondo"," San Marco"",,"46.000","1952","Wallis"
""Gondo"," Tannuwald"",,"5.200","1953","Wallis"
""Poschiavo"," Alpe Palü"",,"9.500","1927","Graubünden"
""Poschiavo"," Bernina"",,"0.000","1923","Graubünden"
""Poschiavo"," Cavaglia"",,"7.000","1927","Graubünden"
""S. Carlo"," Robbia"",,"27.000","1910","Graubünden"
""San Carlo"," Pedecosta"",,"0.510","2010","Graubünden"
"Campocologno",,"50.000","1907","Graubünden"
"Campocologno",,"1.620","1950","Graubünden"
"Casaccia",,"6.600","1961","Graubünden"
"Casaccia",,"86.000","1959","Graubünden"
"Plancanin",,"0.500","1991","Graubünden"
"Casaccia",,"9.000","1960","Graubünden"
"Casaccia",,"0.000","1967","Graubünden"
"Casaccia",,"0.000","1960","Graubünden"
"Murtaira",,"0.000","1963","Graubünden"
"Bondo",,"6.900","1962","Graubünden"
""Promontogno"," Gmde. Bregaglia"",,"0.510","2017","Graubünden"
"Castasegna",,"100.000","1959","Graubünden"
"Silvaplana",,"1.470","1891","Graubünden"
"Scuol",,"0.960","2014","Graubünden"
"Celerina",,"4.400","1932","Graubünden"
""Roseg"," Samedan"",,"0.310","1933","Graubünden"
""Pontresina"," Morteratsch"",,"1.600","1890","Graubünden"
"Samedan",,"0.360","1992","Graubünden"
"Madulain",,"1.560","1903","Graubünden"
"Susch",,"5.860","2010","Graubünden"
"Lavin",,"3.070","2014","Graubünden"
"Guarda-Giarsun Gmd. Scuol",,"0.350","1998","Graubünden"
"Ardez",,"6.600","2014","Graubünden"
"Tarasp",,"0.920","2010","Graubünden"
"Scuol",,"1.900","1903","Graubünden"
"Strada",,"0.300","1994","Graubünden"
"Samnaun-Compatch",,"0.460","2017","Graubünden"
"Samnaun-Compatsch",,"0.960","1970","Graubünden"
"Zernez",,"2.800","1969","Graubünden"
"Zernez",,"54.000","1970","Graubünden"
"Zernez",,"0.470","1969","Graubünden"
"Scuol",,"300.000","1970","Graubünden"
"Martina",,"84.000","1994","Graubünden"
""Nauders"," A"",,"2.140","2018",""
"Prutz",,"86.900","2018",""
"Sta.Maria",,"2.000","1958","Graubünden"
"Müstair/Chasseras",,"1.070","1991","Graubünden"
